,Number,Total,HP,Attack,Defense,Sp_Atk,Sp_Def,Speed,Generation,Legendary=yes,Color,Gender=yes,Pr_Male,MegaEvolution=yes,Height_m,Weight_kg,Body_Style,Type_1,Type_2,Egg_Group_1,Egg_Group_2,Catch_Rate
Bulbasaur,1,318,45,49,49,65,65,45,1,0,Green,1,0.875,0,0.71,6.9,quadruped,Grass,Poison,Monster,Grass,45
Ivysaur,2,405,60,62,63,80,80,60,1,0,Green,1,0.875,0,0.99,13,quadruped,Grass,Poison,Monster,Grass,45
Venusaur,3,525,80,82,83,100,100,80,1,0,Green,1,0.875,1,2.01,100,quadruped,Grass,Poison,Monster,Grass,45
Charmander,4,309,39,52,43,60,50,65,1,0,Red,1,0.875,0,0.61,8.5,bipedal_tailed,Fire,NA,Monster,Dragon,45
Charmeleon,5,405,58,64,58,80,65,80,1,0,Red,1,0.875,0,1.09,19,bipedal_tailed,Fire,NA,Monster,Dragon,45
Charizard,6,534,78,84,78,109,85,100,1,0,Red,1,0.875,1,1.7,90.5,bipedal_tailed,Fire,Flying,Monster,Dragon,45
Squirtle,7,314,44,48,65,50,64,43,1,0,Blue,1,0.875,0,0.51,9,bipedal_tailed,Water,NA,Monster,Water_1,45
Wartortle,8,405,59,63,80,65,80,58,1,0,Blue,1,0.875,0,0.99,22.5,bipedal_tailed,Water,NA,Monster,Water_1,45
Blastoise,9,530,79,83,100,85,105,78,1,0,Blue,1,0.875,1,1.6,85.5,bipedal_tailed,Water,NA,Monster,Water_1,45
Caterpie,10,195,45,30,35,20,20,45,1,0,Green,1,0.5,0,0.3,2.9,insectoid,Bug,NA,Bug,NA,255
Metapod,11,205,50,20,55,25,25,30,1,0,Green,1,0.5,0,0.71,9.9,serpentine_body,Bug,NA,Bug,NA,120
Butterfree,12,395,60,45,50,90,80,70,1,0,White,1,0.5,0,1.09,32,four_wings,Bug,Flying,Bug,NA,45
Weedle,13,195,40,35,30,20,20,50,1,0,Brown,1,0.5,0,0.3,3.2,serpentine_body,Bug,Poison,Bug,NA,255
Kakuna,14,205,45,25,50,25,25,35,1,0,Yellow,1,0.5,0,0.61,10,serpentine_body,Bug,Poison,Bug,NA,120
Beedrill,15,395,65,90,40,45,80,75,1,0,Yellow,1,0.5,1,0.99,29.5,four_wings,Bug,Poison,Bug,NA,45
Pidgey,16,251,40,45,40,35,35,56,1,0,Brown,1,0.5,0,0.3,1.8,two_wings,Normal,Flying,Flying,NA,255
Pidgeotto,17,349,63,60,55,50,50,71,1,0,Brown,1,0.5,0,1.09,30,two_wings,Normal,Flying,Flying,NA,120
Pidgeot,18,479,83,80,75,70,70,101,1,0,Brown,1,0.5,1,1.5,39.5,two_wings,Normal,Flying,Flying,NA,45
Rattata,19,253,30,56,35,25,35,72,1,0,Purple,1,0.5,0,0.3,3.5,quadruped,Normal,NA,Field,NA,255
Raticate,20,413,55,81,60,50,70,97,1,0,Brown,1,0.5,0,0.71,18.5,quadruped,Normal,NA,Field,NA,127
Spearow,21,262,40,60,30,31,31,70,1,0,Brown,1,0.5,0,0.3,2,two_wings,Normal,Flying,Flying,NA,255
Fearow,22,442,65,90,65,61,61,100,1,0,Brown,1,0.5,0,1.19,38,two_wings,Normal,Flying,Flying,NA,90
Ekans,23,288,35,60,44,40,54,55,1,0,Purple,1,0.5,0,2.01,6.9,serpentine_body,Poison,NA,Field,Dragon,255
Arbok,24,438,60,85,69,65,79,80,1,0,Purple,1,0.5,0,3.51,65,serpentine_body,Poison,NA,Field,Dragon,90
Pikachu,25,320,35,55,40,50,50,90,1,0,Yellow,1,0.5,0,0.41,6,quadruped,Electric,NA,Field,Fairy,190
Raichu,26,485,60,90,55,90,80,110,1,0,Yellow,1,0.5,0,0.79,30,bipedal_tailed,Electric,NA,Field,Fairy,75
Sandshrew,27,300,50,75,85,20,30,40,1,0,Yellow,1,0.5,0,0.61,12,bipedal_tailed,Ground,NA,Field,NA,255
Sandslash,28,450,75,100,110,45,55,65,1,0,Yellow,1,0.5,0,0.99,29.5,bipedal_tailed,Ground,NA,Field,NA,90
Nidoran<U+2640>,29,275,55,47,52,40,40,41,1,0,Blue,1,0,0,0.41,7,quadruped,Poison,NA,Monster,Field,235
Nidorina,30,365,70,62,67,55,55,56,1,0,Blue,1,0,0,0.79,20,quadruped,Poison,NA,Undiscovered,NA,120
Nidoqueen,31,505,90,92,87,75,85,76,1,0,Blue,1,0,0,1.3,60,bipedal_tailed,Poison,Ground,Undiscovered,NA,45
Nidoran<U+2642>,32,273,46,57,40,40,40,50,1,0,Purple,1,1,0,0.51,9,quadruped,Poison,NA,Monster,Field,235
Nidorino,33,365,61,72,57,55,55,65,1,0,Purple,1,1,0,0.89,19.5,quadruped,Poison,NA,Monster,Field,120
Nidoking,34,505,81,102,77,85,75,85,1,0,Purple,1,1,0,1.4,62,bipedal_tailed,Poison,Ground,Monster,Field,45
Clefairy,35,323,70,45,48,60,65,35,1,0,Pink,1,0.25,0,0.61,7.5,bipedal_tailed,Fairy,NA,Fairy,NA,150
Clefable,36,483,95,70,73,95,90,60,1,0,Pink,1,0.25,0,1.3,40,bipedal_tailed,Fairy,NA,Fairy,NA,25
Vulpix,37,299,38,41,40,50,65,65,1,0,Brown,1,0.25,0,0.61,9.9,quadruped,Fire,NA,Field,NA,190
Ninetales,38,505,73,76,75,81,100,100,1,0,Yellow,1,0.25,0,1.09,19.9,quadruped,Fire,NA,Field,NA,75
Jigglypuff,39,270,115,45,20,45,25,20,1,0,Pink,1,0.25,0,0.51,5.5,bipedal_tailless,Normal,Fairy,Fairy,NA,170
Wigglytuff,40,435,140,70,45,85,50,45,1,0,Pink,1,0.25,0,0.99,12,bipedal_tailless,Normal,Fairy,Fairy,NA,50
Zubat,41,245,40,45,35,30,40,55,1,0,Purple,1,0.5,0,0.79,7.5,two_wings,Poison,Flying,Flying,NA,255
Golbat,42,455,75,80,70,65,75,90,1,0,Purple,1,0.5,0,1.6,55,two_wings,Poison,Flying,Flying,NA,90
Oddish,43,320,45,50,55,75,65,30,1,0,Blue,1,0.5,0,0.51,5.4,head_legs,Grass,Poison,Grass,NA,255
Gloom,44,395,60,65,70,85,75,40,1,0,Blue,1,0.5,0,0.79,8.6,bipedal_tailless,Grass,Poison,Grass,NA,120
Vileplume,45,490,75,80,85,110,90,50,1,0,Red,1,0.5,0,1.19,18.6,bipedal_tailless,Grass,Poison,Grass,NA,45
Paras,46,285,35,70,55,45,55,25,1,0,Red,1,0.5,0,0.3,5.4,insectoid,Bug,Grass,Bug,Grass,190
Parasect,47,405,60,95,80,60,80,30,1,0,Red,1,0.5,0,0.99,29.5,insectoid,Bug,Grass,Bug,Grass,75
Venonat,48,305,60,55,50,40,55,45,1,0,Purple,1,0.5,0,0.99,30,bipedal_tailless,Bug,Poison,Bug,NA,190
Venomoth,49,450,70,65,60,90,75,90,1,0,Purple,1,0.5,0,1.5,12.5,four_wings,Bug,Poison,Bug,NA,75
Diglett,50,265,10,55,25,35,45,95,1,0,Brown,1,0.5,0,0.2,0.8,head_base,Ground,NA,Field,NA,255
Dugtrio,51,405,35,80,50,50,70,120,1,0,Brown,1,0.5,0,0.71,33.3,multiple_bodies,Ground,NA,Field,NA,50
Meowth,52,290,40,45,35,40,40,90,1,0,Yellow,1,0.5,0,0.41,4.2,quadruped,Normal,NA,Field,NA,255
Persian,53,440,65,70,60,65,65,115,1,0,Yellow,1,0.5,0,0.99,32,quadruped,Normal,NA,Field,NA,90
Psyduck,54,320,50,52,48,65,50,55,1,0,Yellow,1,0.5,0,0.79,19.6,bipedal_tailed,Water,NA,Water_1,Field,190
Golduck,55,500,80,82,78,95,80,85,1,0,Blue,1,0.5,0,1.7,76.6,bipedal_tailed,Water,NA,Water_1,Field,75
Mankey,56,305,40,80,35,35,45,70,1,0,Brown,1,0.5,0,0.51,28,bipedal_tailed,Fighting,NA,Field,NA,190
Primeape,57,455,65,105,60,60,70,95,1,0,Brown,1,0.5,0,0.99,32,bipedal_tailed,Fighting,NA,Field,NA,75
Growlithe,58,350,55,70,45,70,50,60,1,0,Brown,1,0.75,0,0.71,19,quadruped,Fire,NA,Field,NA,190
Arcanine,59,555,90,110,80,100,80,95,1,0,Brown,1,0.75,0,1.91,155,quadruped,Fire,NA,Field,NA,75
Poliwag,60,300,40,50,40,40,40,90,1,0,Blue,1,0.5,0,0.61,12.4,head_legs,Water,NA,Water_1,NA,255
Poliwhirl,61,385,65,65,65,50,50,90,1,0,Blue,1,0.5,0,0.99,20,bipedal_tailless,Water,NA,Water_1,NA,120
Poliwrath,62,510,90,95,95,70,90,70,1,0,Blue,1,0.5,0,1.3,54,bipedal_tailless,Water,Fighting,Water_1,NA,45
Abra,63,310,25,20,15,105,55,90,1,0,Brown,1,0.75,0,0.89,19.5,bipedal_tailed,Psychic,NA,Human-Like,NA,200
Kadabra,64,400,40,35,30,120,70,105,1,0,Brown,1,0.75,0,1.3,56.5,bipedal_tailed,Psychic,NA,Human-Like,NA,100
Alakazam,65,500,55,50,45,135,95,120,1,0,Brown,1,0.75,1,1.5,48,bipedal_tailless,Psychic,NA,Human-Like,NA,50
Machop,66,305,70,80,50,35,35,35,1,0,Grey,1,0.75,0,0.79,19.5,bipedal_tailed,Fighting,NA,Human-Like,NA,180
Machoke,67,405,80,100,70,50,60,45,1,0,Grey,1,0.75,0,1.5,70.5,bipedal_tailless,Fighting,NA,Human-Like,NA,90
Machamp,68,505,90,130,80,65,85,55,1,0,Grey,1,0.75,0,1.6,130,bipedal_tailless,Fighting,NA,Human-Like,NA,45
Bellsprout,69,300,50,75,35,70,30,40,1,0,Green,1,0.5,0,0.71,4,bipedal_tailless,Grass,Poison,Grass,NA,255
Weepinbell,70,390,65,90,50,85,45,55,1,0,Green,1,0.5,0,0.99,6.4,head_base,Grass,Poison,Grass,NA,120
Victreebel,71,490,80,105,65,100,70,70,1,0,Green,1,0.5,0,1.7,15.5,head_base,Grass,Poison,Grass,NA,45
Tentacool,72,335,40,40,35,50,100,70,1,0,Blue,1,0.5,0,0.89,45.5,several_limbs,Water,Poison,Water_3,NA,190
Tentacruel,73,515,80,70,65,80,120,100,1,0,Blue,1,0.5,0,1.6,55,several_limbs,Water,Poison,Water_3,NA,60
Geodude,74,300,40,80,100,30,30,20,1,0,Brown,1,0.5,0,0.41,20,head_arms,Rock,Ground,Mineral,NA,255
Graveler,75,390,55,95,115,45,45,35,1,0,Brown,1,0.5,0,0.99,105,bipedal_tailless,Rock,Ground,Mineral,NA,120
Golem,76,495,80,120,130,55,65,45,1,0,Brown,1,0.5,0,1.4,300,bipedal_tailless,Rock,Ground,Mineral,NA,45
Ponyta,77,410,50,85,55,65,65,90,1,0,Yellow,1,0.5,0,0.99,30,quadruped,Fire,NA,Field,NA,190
Rapidash,78,500,65,100,70,80,80,105,1,0,Yellow,1,0.5,0,1.7,95,quadruped,Fire,NA,Field,NA,60
Slowpoke,79,315,90,65,65,40,40,15,1,0,Pink,1,0.5,0,1.19,36,quadruped,Water,Psychic,Monster,Water_1,190
Slowbro,80,490,95,75,110,100,80,30,1,0,Pink,1,0.5,1,1.6,78.5,bipedal_tailed,Water,Psychic,Monster,Water_1,75
Magnemite,81,325,25,35,70,95,55,45,1,0,Grey,0,NA,0,0.3,6,head_arms,Electric,Steel,Mineral,NA,190
Magneton,82,465,50,60,95,120,70,70,1,0,Grey,0,NA,0,0.99,60,multiple_bodies,Electric,Steel,Mineral,NA,60
Farfetch'd,83,352,52,65,55,58,62,60,1,0,Brown,1,0.5,0,0.79,15,two_wings,Normal,Flying,Flying,Field,45
Doduo,84,310,35,85,45,35,35,75,1,0,Brown,1,0.5,0,1.4,39.2,head_legs,Normal,Flying,Flying,NA,190
Dodrio,85,460,60,110,70,60,60,100,1,0,Brown,1,0.5,0,1.8,85.2,head_legs,Normal,Flying,Flying,NA,45
Seel,86,325,65,45,55,45,70,45,1,0,White,1,0.5,0,1.09,90,with_fins,Water,NA,Water_1,Field,190
Dewgong,87,475,90,70,80,70,95,70,1,0,White,1,0.5,0,1.7,120,with_fins,Water,Ice,Water_1,Field,75
Grimer,88,325,80,80,50,40,50,25,1,0,Purple,1,0.5,0,0.89,30,head_arms,Poison,NA,Amorphous,NA,190
Muk,89,500,105,105,75,65,100,50,1,0,Purple,1,0.5,0,1.19,30,head_arms,Poison,NA,Amorphous,NA,75
Shellder,90,305,30,65,100,45,25,40,1,0,Purple,1,0.5,0,0.3,4,head_only,Water,NA,Water_3,NA,190
Cloyster,91,525,50,95,180,85,45,70,1,0,Purple,1,0.5,0,1.5,132.5,head_only,Water,Ice,Water_3,NA,60
Gastly,92,310,30,35,30,100,35,80,1,0,Purple,1,0.5,0,1.3,0.1,head_only,Ghost,Poison,Amorphous,NA,190
Haunter,93,405,45,50,45,115,55,95,1,0,Purple,1,0.5,0,1.6,0.1,head_arms,Ghost,Poison,Amorphous,NA,90
Gengar,94,500,60,65,60,130,75,110,1,0,Purple,1,0.5,1,1.5,40.5,bipedal_tailed,Ghost,Poison,Amorphous,NA,45
Onix,95,385,35,45,160,30,45,70,1,0,Grey,1,0.5,0,8.79,210,serpentine_body,Rock,Ground,Mineral,NA,45
Drowzee,96,328,60,48,45,43,90,42,1,0,Yellow,1,0.5,0,0.99,32.4,bipedal_tailless,Psychic,NA,Human-Like,NA,190
Hypno,97,483,85,73,70,73,115,67,1,0,Yellow,1,0.5,0,1.6,75.6,bipedal_tailless,Psychic,NA,Human-Like,NA,75
Krabby,98,325,30,105,90,25,25,50,1,0,Red,1,0.5,0,0.41,6.5,insectoid,Water,NA,Water_3,NA,225
Kingler,99,475,55,130,115,50,50,75,1,0,Red,1,0.5,0,1.3,60,insectoid,Water,NA,Water_3,NA,60
Voltorb,100,330,40,30,50,55,55,100,1,0,Red,0,NA,0,0.51,10.4,head_only,Electric,NA,Mineral,NA,190
Electrode,101,480,60,50,70,80,80,140,1,0,Red,0,NA,0,1.19,66.6,head_only,Electric,NA,Mineral,NA,60
Exeggcute,102,325,60,40,80,60,45,40,1,0,Pink,1,0.5,0,0.41,2.5,multiple_bodies,Grass,Psychic,Grass,NA,90
Exeggutor,103,520,95,95,85,125,65,55,1,0,Yellow,1,0.5,0,2.01,120,head_legs,Grass,Psychic,Grass,NA,45
Cubone,104,320,50,50,95,40,50,35,1,0,Brown,1,0.5,0,0.41,6.5,bipedal_tailed,Ground,NA,Monster,NA,190
Marowak,105,425,60,80,110,50,80,45,1,0,Brown,1,0.5,0,0.99,45,bipedal_tailed,Ground,NA,Monster,NA,75
Hitmonlee,106,455,50,120,53,35,110,87,1,0,Brown,1,1,0,1.5,49.8,bipedal_tailless,Fighting,NA,Human-Like,NA,45
Hitmonchan,107,455,50,105,79,35,110,76,1,0,Brown,1,1,0,1.4,50.2,bipedal_tailless,Fighting,NA,Human-Like,NA,45
Lickitung,108,385,90,55,75,60,75,30,1,0,Pink,1,0.5,0,1.19,65.5,bipedal_tailed,Normal,NA,Monster,NA,45
Koffing,109,340,40,65,95,60,45,35,1,0,Purple,1,0.5,0,0.61,1,head_only,Poison,NA,Amorphous,NA,190
Weezing,110,490,65,90,120,85,70,60,1,0,Purple,1,0.5,0,1.19,9.5,multiple_bodies,Poison,NA,Amorphous,NA,60
Rhyhorn,111,345,80,85,95,30,30,25,1,0,Grey,1,0.5,0,0.99,115,quadruped,Ground,Rock,Monster,Field,120
Rhydon,112,485,105,130,120,45,45,40,1,0,Grey,1,0.5,0,1.91,120,bipedal_tailed,Ground,Rock,Monster,Field,60
Chansey,113,450,250,5,5,35,105,50,1,0,Pink,1,0,0,1.09,34.6,bipedal_tailed,Normal,NA,Fairy,NA,30
Tangela,114,435,65,55,115,100,40,60,1,0,Blue,1,0.5,0,0.99,35,head_legs,Grass,NA,Grass,NA,45
Kangaskhan,115,490,105,95,80,40,80,90,1,0,Brown,1,0,1,2.21,80,bipedal_tailed,Normal,NA,Monster,NA,45
Horsea,116,295,30,40,70,70,25,60,1,0,Blue,1,0.5,0,0.41,8,head_base,Water,NA,Water_1,Dragon,225
Seadra,117,440,55,65,95,95,45,85,1,0,Blue,1,0.5,0,1.19,25,head_base,Water,NA,Water_1,Dragon,75
Goldeen,118,320,45,67,60,35,50,63,1,0,Red,1,0.5,0,0.61,15,with_fins,Water,NA,Water_2,NA,225
Seaking,119,450,80,92,65,65,80,68,1,0,Red,1,0.5,0,1.3,39,with_fins,Water,NA,Water_2,NA,60
Staryu,120,340,30,45,55,70,55,85,1,0,Brown,0,NA,0,0.79,34.5,head_base,Water,NA,Water_3,NA,225
Starmie,121,520,60,75,85,100,85,115,1,0,Purple,0,NA,0,1.09,80,head_base,Water,Psychic,Water_3,NA,60
Mr._Mime,122,460,40,45,65,100,120,90,1,0,Pink,1,0.5,0,1.3,54.5,bipedal_tailless,Psychic,Fairy,Human-Like,NA,45
Scyther,123,500,70,110,80,55,80,105,1,0,Green,1,0.5,0,1.5,56,four_wings,Bug,Flying,Bug,NA,45
Jynx,124,455,65,50,35,115,95,95,1,0,Red,1,0,0,1.4,40.6,bipedal_tailless,Ice,Psychic,Human-Like,NA,45
Electabuzz,125,490,65,83,57,95,85,105,1,0,Yellow,1,0.75,0,1.09,30,bipedal_tailed,Electric,NA,Human-Like,NA,45
Magmar,126,495,65,95,57,100,85,93,1,0,Red,1,0.75,0,1.3,44.5,bipedal_tailed,Fire,NA,Human-Like,NA,45
Pinsir,127,500,65,125,100,55,70,85,1,0,Brown,1,0.5,1,1.5,55,bipedal_tailless,Bug,NA,Bug,NA,45
Tauros,128,490,75,100,95,40,70,110,1,0,Brown,1,1,0,1.4,88.4,quadruped,Normal,NA,Field,NA,45
Magikarp,129,200,20,10,55,15,20,80,1,0,Red,1,0.5,0,0.89,10,with_fins,Water,NA,Water_2,Dragon,255
Gyarados,130,540,95,125,79,60,100,81,1,0,Blue,1,0.5,1,6.5,235,serpentine_body,Water,Flying,Water_2,Dragon,45
Lapras,131,535,130,85,80,85,95,60,1,0,Blue,1,0.5,0,2.49,220,with_fins,Water,Ice,Monster,Water_1,45
Ditto,132,288,48,48,48,48,48,48,1,0,Purple,0,NA,0,0.3,4,head_only,Normal,NA,Ditto,NA,35
Eevee,133,325,55,55,50,45,65,55,1,0,Brown,1,0.875,0,0.3,6.5,quadruped,Normal,NA,Field,NA,45
Vaporeon,134,525,130,65,60,110,95,65,1,0,Blue,1,0.875,0,0.99,29,quadruped,Water,NA,Field,NA,45
Jolteon,135,525,65,65,60,110,95,130,1,0,Yellow,1,0.875,0,0.79,24.5,quadruped,Electric,NA,Field,NA,45
Flareon,136,525,65,130,60,95,110,65,1,0,Red,1,0.875,0,0.89,25,quadruped,Fire,NA,Field,NA,45
Porygon,137,395,65,60,70,85,75,40,1,0,Pink,0,NA,0,0.79,36.5,head_legs,Normal,NA,Mineral,NA,45
Omanyte,138,355,35,40,100,90,55,35,1,0,Blue,1,0.875,0,0.41,7.5,several_limbs,Rock,Water,Water_1,Water_3,45
Omastar,139,495,70,60,125,115,70,55,1,0,Blue,1,0.875,0,0.99,35,several_limbs,Rock,Water,Water_1,Water_3,45
Kabuto,140,355,30,80,90,55,45,55,1,0,Brown,1,0.875,0,0.51,11.5,insectoid,Rock,Water,Water_1,Water_3,45
Kabutops,141,495,60,115,105,65,70,80,1,0,Brown,1,0.875,0,1.3,40.5,bipedal_tailed,Rock,Water,Water_1,Water_3,45
Aerodactyl,142,515,80,105,65,60,75,130,1,0,Purple,1,0.875,1,1.8,59,two_wings,Rock,Flying,Flying,NA,45
Snorlax,143,540,160,110,65,65,110,30,1,0,Black,1,0.875,0,2.11,460,bipedal_tailless,Normal,NA,Monster,NA,25
Articuno,144,580,90,85,100,95,125,85,1,1,Blue,0,NA,0,1.7,55.4,two_wings,Ice,Flying,Undiscovered,NA,3
Zapdos,145,580,90,90,85,125,90,100,1,1,Yellow,0,NA,0,1.6,52.6,two_wings,Electric,Flying,Undiscovered,NA,3
Moltres,146,580,90,100,90,125,85,90,1,1,Yellow,0,NA,0,2.01,60,two_wings,Fire,Flying,Undiscovered,NA,3
Dratini,147,300,41,64,45,50,50,50,1,0,Blue,1,0.5,0,1.8,3.3,serpentine_body,Dragon,NA,Water_1,Dragon,45
Dragonair,148,420,61,84,65,70,70,70,1,0,Blue,1,0.5,0,3.99,16.5,serpentine_body,Dragon,NA,Water_1,Dragon,45
Dragonite,149,600,91,134,95,100,100,80,1,0,Brown,1,0.5,0,2.21,210,bipedal_tailed,Dragon,Flying,Water_1,Dragon,45
Mewtwo,150,680,106,110,90,154,90,130,1,1,Purple,0,NA,1,2.01,122,bipedal_tailed,Psychic,NA,Undiscovered,NA,3
Mew,151,600,100,100,100,100,100,100,1,0,Pink,0,NA,0,0.41,4,bipedal_tailed,Psychic,NA,Undiscovered,NA,45
Chikorita,152,318,45,49,65,49,65,45,2,0,Green,1,0.875,0,0.89,6.4,quadruped,Grass,NA,Monster,Grass,45
Bayleef,153,405,60,62,80,63,80,60,2,0,Green,1,0.875,0,1.19,15.8,quadruped,Grass,NA,Monster,Grass,45
Meganium,154,525,80,82,100,83,100,80,2,0,Green,1,0.875,0,1.8,100.5,quadruped,Grass,NA,Monster,Grass,45
Cyndaquil,155,309,39,52,43,60,50,65,2,0,Yellow,1,0.875,0,0.51,7.9,bipedal_tailless,Fire,NA,Field,NA,45
Quilava,156,405,58,64,58,80,65,80,2,0,Yellow,1,0.875,0,0.89,19,quadruped,Fire,NA,Field,NA,45
Typhlosion,157,534,78,84,78,109,85,100,2,0,Yellow,1,0.875,0,1.7,79.5,quadruped,Fire,NA,Field,NA,45
Totodile,158,314,50,65,64,44,48,43,2,0,Blue,1,0.875,0,0.61,9.5,bipedal_tailed,Water,NA,Monster,Water_1,45
Croconaw,159,405,65,80,80,59,63,58,2,0,Blue,1,0.875,0,1.09,25,bipedal_tailed,Water,NA,Monster,Water_1,45
Feraligatr,160,530,85,105,100,79,83,78,2,0,Blue,1,0.875,0,2.31,88.8,bipedal_tailed,Water,NA,Monster,Water_1,45
Sentret,161,215,35,46,34,35,45,20,2,0,Brown,1,0.5,0,0.79,6,quadruped,Normal,NA,Field,NA,255
Furret,162,415,85,76,64,45,55,90,2,0,Brown,1,0.5,0,1.8,32.5,quadruped,Normal,NA,Field,NA,90
Hoothoot,163,262,60,30,30,36,56,50,2,0,Brown,1,0.5,0,0.71,21.2,two_wings,Normal,Flying,Flying,NA,255
Noctowl,164,442,100,50,50,76,96,70,2,0,Brown,1,0.5,0,1.6,40.8,two_wings,Normal,Flying,Flying,NA,90
Ledyba,165,265,40,20,30,40,80,55,2,0,Red,1,0.5,0,0.99,10.8,two_wings,Bug,Flying,Bug,NA,255
Ledian,166,390,55,35,50,55,110,85,2,0,Red,1,0.5,0,1.4,35.6,two_wings,Bug,Flying,Bug,NA,90
Spinarak,167,250,40,60,40,40,40,30,2,0,Green,1,0.5,0,0.51,8.5,insectoid,Bug,Poison,Bug,NA,255
Ariados,168,390,70,90,70,60,60,40,2,0,Red,1,0.5,0,1.09,33.5,insectoid,Bug,Poison,Bug,NA,90
Crobat,169,535,85,90,80,70,80,130,2,0,Purple,1,0.5,0,1.8,75,four_wings,Poison,Flying,Flying,NA,90
Chinchou,170,330,75,38,38,56,56,67,2,0,Blue,1,0.5,0,0.51,12,with_fins,Water,Electric,Water_2,NA,190
Lanturn,171,460,125,58,58,76,76,67,2,0,Blue,1,0.5,0,1.19,22.5,with_fins,Water,Electric,Water_2,NA,75
Pichu,172,205,20,40,15,35,35,60,2,0,Yellow,1,0.5,0,0.3,2,quadruped,Electric,NA,Undiscovered,NA,190
Cleffa,173,218,50,25,28,45,55,15,2,0,Pink,1,0.25,0,0.3,3,bipedal_tailed,Fairy,NA,Undiscovered,NA,150
Igglybuff,174,210,90,30,15,40,20,15,2,0,Pink,1,0.25,0,0.3,1,bipedal_tailless,Normal,Fairy,Undiscovered,NA,170
Togepi,175,245,35,20,65,40,65,20,2,0,White,1,0.875,0,0.3,1.5,bipedal_tailless,Fairy,NA,Undiscovered,NA,190
Togetic,176,405,55,40,85,80,105,40,2,0,White,1,0.875,0,0.61,3.2,bipedal_tailless,Fairy,Flying,Flying,Fairy,75
Natu,177,320,40,50,45,70,45,70,2,0,Green,1,0.5,0,0.2,2,two_wings,Psychic,Flying,Flying,NA,190
Xatu,178,470,65,75,70,95,70,95,2,0,Green,1,0.5,0,1.5,15,two_wings,Psychic,Flying,Flying,NA,75
Mareep,179,280,55,40,40,65,45,35,2,0,White,1,0.5,0,0.61,7.8,quadruped,Electric,NA,Monster,Field,235
Flaaffy,180,365,70,55,55,80,60,45,2,0,Pink,1,0.5,0,0.79,13.3,bipedal_tailed,Electric,NA,Monster,Field,120
Ampharos,181,510,90,75,85,115,90,55,2,0,Yellow,1,0.5,1,1.4,61.5,bipedal_tailed,Electric,NA,Monster,Field,45
Bellossom,182,490,75,80,95,90,100,50,2,0,Green,1,0.5,0,0.41,5.8,bipedal_tailless,Grass,NA,Grass,NA,45
Marill,183,250,70,20,50,20,50,40,2,0,Blue,1,0.5,0,0.41,8.5,bipedal_tailed,Water,Fairy,Water_1,Fairy,190
Azumarill,184,420,100,50,80,60,80,50,2,0,Blue,1,0.5,0,0.79,28.5,bipedal_tailed,Water,Fairy,Water_1,Fairy,75
Sudowoodo,185,410,70,100,115,30,65,30,2,0,Brown,1,0.5,0,1.19,38,bipedal_tailless,Rock,NA,Mineral,NA,65
Politoed,186,500,90,75,75,90,100,70,2,0,Green,1,0.5,0,1.09,33.9,bipedal_tailed,Water,NA,Water_1,NA,45
Hoppip,187,250,35,35,40,35,55,50,2,0,Pink,1,0.5,0,0.41,0.5,bipedal_tailed,Grass,Flying,Fairy,Grass,255
Skiploom,188,340,55,45,50,45,65,80,2,0,Green,1,0.5,0,0.61,1,bipedal_tailed,Grass,Flying,Fairy,Grass,120
Jumpluff,189,460,75,55,70,55,95,110,2,0,Blue,1,0.5,0,0.79,3,bipedal_tailed,Grass,Flying,Fairy,Grass,45
Aipom,190,360,55,70,55,40,55,85,2,0,Purple,1,0.5,0,0.79,11.5,bipedal_tailed,Normal,NA,Field,NA,45
Sunkern,191,180,30,30,30,30,30,30,2,0,Yellow,1,0.5,0,0.3,1.8,head_only,Grass,NA,Grass,NA,235
Sunflora,192,425,75,75,55,105,85,30,2,0,Yellow,1,0.5,0,0.79,8.5,bipedal_tailless,Grass,NA,Grass,NA,120
Yanma,193,390,65,65,45,75,45,95,2,0,Red,1,0.5,0,1.19,38,four_wings,Bug,Flying,Bug,NA,75
Wooper,194,210,55,45,45,25,25,15,2,0,Blue,1,0.5,0,0.41,8.5,head_legs,Water,Ground,Water_1,Field,255
Quagsire,195,430,95,85,85,65,65,35,2,0,Blue,1,0.5,0,1.4,75,bipedal_tailed,Water,Ground,Water_1,Field,90
Espeon,196,525,65,65,60,130,95,110,2,0,Purple,1,0.875,0,0.89,26.5,quadruped,Psychic,NA,Field,NA,45
Umbreon,197,525,95,65,110,60,130,65,2,0,Black,1,0.875,0,0.99,27,quadruped,Dark,NA,Field,NA,45
Murkrow,198,405,60,85,42,85,42,91,2,0,Black,1,0.5,0,0.51,2.1,two_wings,Dark,Flying,Flying,NA,30
Slowking,199,490,95,75,80,100,110,30,2,0,Pink,1,0.5,0,2.01,79.5,bipedal_tailed,Water,Psychic,Monster,Water_1,70
Misdreavus,200,435,60,60,60,85,85,85,2,0,Purple,1,0.5,0,0.71,1,head_only,Ghost,NA,Amorphous,NA,45
Unown,201,336,48,72,48,72,48,48,2,0,Black,0,NA,0,0.51,5,head_only,Psychic,NA,Undiscovered,NA,225
Wobbuffet,202,405,190,33,58,33,58,33,2,0,Blue,1,0.5,0,1.3,28.5,head_base,Psychic,NA,Amorphous,NA,45
Girafarig,203,455,70,80,65,90,65,85,2,0,Yellow,1,0.5,0,1.5,41.5,quadruped,Normal,Psychic,Field,NA,60
Pineco,204,290,50,65,90,35,35,15,2,0,Grey,1,0.5,0,0.61,7.2,head_only,Bug,NA,Bug,NA,190
Forretress,205,465,75,90,140,60,60,40,2,0,Purple,1,0.5,0,1.19,125.8,head_only,Bug,Steel,Bug,NA,75
Dunsparce,206,415,100,70,70,65,65,45,2,0,Yellow,1,0.5,0,1.5,14,serpentine_body,Normal,NA,Field,NA,190
Gligar,207,430,65,75,105,35,65,85,2,0,Purple,1,0.5,0,1.09,64.8,two_wings,Ground,Flying,Bug,NA,60
Steelix,208,510,75,85,200,55,65,30,2,0,Grey,1,0.5,1,9.19,400,serpentine_body,Steel,Ground,Mineral,NA,25
Snubbull,209,300,60,80,50,40,40,30,2,0,Pink,1,0.25,0,0.61,7.8,bipedal_tailless,Fairy,NA,Field,Fairy,190
Granbull,210,450,90,120,75,60,60,45,2,0,Purple,1,0.25,0,1.4,48.7,bipedal_tailed,Fairy,NA,Field,Fairy,75
Qwilfish,211,430,65,95,75,55,55,85,2,0,Grey,1,0.5,0,0.51,3.9,with_fins,Water,Poison,Water_2,NA,45
Scizor,212,500,70,130,100,55,80,65,2,0,Red,1,0.5,1,1.8,118,four_wings,Bug,Steel,Bug,NA,25
Shuckle,213,505,20,10,230,10,230,5,2,0,Yellow,1,0.5,0,0.61,20.5,insectoid,Bug,Rock,Bug,NA,190
Heracross,214,500,80,125,75,40,95,85,2,0,Blue,1,0.5,1,1.5,54,bipedal_tailless,Bug,Fighting,Bug,NA,45
Sneasel,215,430,55,95,55,35,75,115,2,0,Black,1,0.5,0,0.89,28,bipedal_tailed,Dark,Ice,Field,NA,60
Teddiursa,216,330,60,80,50,50,50,40,2,0,Brown,1,0.5,0,0.61,8.8,bipedal_tailed,Normal,NA,Field,NA,120
Ursaring,217,500,90,130,75,75,75,55,2,0,Brown,1,0.5,0,1.8,125.8,bipedal_tailed,Normal,NA,Field,NA,60
Slugma,218,250,40,40,40,70,40,20,2,0,Red,1,0.5,0,0.71,35,serpentine_body,Fire,NA,Amorphous,NA,190
Magcargo,219,410,50,50,120,80,80,30,2,0,Red,1,0.5,0,0.79,55,serpentine_body,Fire,Rock,Amorphous,NA,75
Swinub,220,250,50,50,40,30,30,50,2,0,Brown,1,0.5,0,0.41,6.5,quadruped,Ice,Ground,Field,NA,225
Piloswine,221,450,100,100,80,60,60,50,2,0,Brown,1,0.5,0,1.09,55.8,quadruped,Ice,Ground,Field,NA,75
Corsola,222,380,55,55,85,65,85,35,2,0,Pink,1,0.25,0,0.61,5,insectoid,Water,Rock,Water_1,Water_3,60
Remoraid,223,300,35,65,35,65,35,65,2,0,Grey,1,0.5,0,0.61,12,with_fins,Water,NA,Water_1,Water_2,190
Octillery,224,480,75,105,75,105,75,45,2,0,Red,1,0.5,0,0.89,28.5,several_limbs,Water,NA,Water_1,Water_2,75
Delibird,225,330,45,55,45,65,45,75,2,0,Red,1,0.5,0,0.89,16,two_wings,Ice,Flying,Water_1,Field,45
Mantine,226,465,65,40,70,80,140,70,2,0,Purple,1,0.5,0,2.11,220,two_wings,Water,Flying,Water_1,NA,25
Skarmory,227,465,65,80,140,40,70,70,2,0,Grey,1,0.5,0,1.7,50.5,two_wings,Steel,Flying,Flying,NA,25
Houndour,228,330,45,60,30,80,50,65,2,0,Black,1,0.5,0,0.61,10.8,quadruped,Dark,Fire,Field,NA,120
Houndoom,229,500,75,90,50,110,80,95,2,0,Black,1,0.5,1,1.4,35,quadruped,Dark,Fire,Field,NA,45
Kingdra,230,540,75,95,95,95,95,85,2,0,Blue,1,0.5,0,1.8,152,head_base,Water,Dragon,Water_1,Dragon,45
Phanpy,231,330,90,60,60,40,40,40,2,0,Blue,1,0.5,0,0.51,33.5,quadruped,Ground,NA,Field,NA,120
Donphan,232,500,90,120,120,60,60,50,2,0,Grey,1,0.5,0,1.09,120,quadruped,Ground,NA,Field,NA,60
Porygon2,233,515,85,80,90,105,95,60,2,0,Red,0,NA,0,0.61,32.5,head_legs,Normal,NA,Mineral,NA,45
Stantler,234,465,73,95,62,85,65,85,2,0,Brown,1,0.5,0,1.4,71.2,quadruped,Normal,NA,Field,NA,45
Smeargle,235,250,55,20,35,20,45,75,2,0,White,1,0.5,0,1.19,58,bipedal_tailed,Normal,NA,Field,NA,45
Tyrogue,236,210,35,35,35,35,35,35,2,0,Purple,1,1,0,0.71,21,bipedal_tailless,Fighting,NA,Undiscovered,NA,75
Hitmontop,237,455,50,95,95,35,110,70,2,0,Brown,1,1,0,1.4,48,bipedal_tailed,Fighting,NA,Human-Like,NA,45
Smoochum,238,305,45,30,15,85,65,65,2,0,Pink,1,0,0,0.41,6,bipedal_tailless,Ice,Psychic,Undiscovered,NA,45
Elekid,239,360,45,63,37,65,55,95,2,0,Yellow,1,0.75,0,0.61,23.5,bipedal_tailless,Electric,NA,Undiscovered,NA,45
Magby,240,365,45,75,37,70,55,83,2,0,Red,1,0.75,0,0.71,21.4,bipedal_tailed,Fire,NA,Undiscovered,NA,45
Miltank,241,490,95,80,105,40,70,100,2,0,Pink,1,0,0,1.19,75.5,bipedal_tailed,Normal,NA,Field,NA,45
Blissey,242,540,255,10,10,75,135,55,2,0,Pink,1,0,0,1.5,46.8,bipedal_tailless,Normal,NA,Fairy,NA,30
Raikou,243,580,90,85,75,115,100,115,2,1,Yellow,0,NA,0,1.91,178,quadruped,Electric,NA,Undiscovered,NA,3
Entei,244,580,115,115,85,90,75,100,2,1,Brown,0,NA,0,2.11,198,quadruped,Fire,NA,Undiscovered,NA,3
Suicune,245,580,100,75,115,90,115,85,2,1,Blue,0,NA,0,2.01,187,quadruped,Water,NA,Undiscovered,NA,3
Larvitar,246,300,50,64,50,45,50,41,2,0,Green,1,0.5,0,0.61,72,bipedal_tailed,Rock,Ground,Monster,NA,45
Pupitar,247,410,70,84,70,65,70,51,2,0,Grey,1,0.5,0,1.19,152,serpentine_body,Rock,Ground,Monster,NA,45
Tyranitar,248,600,100,134,110,95,100,61,2,0,Green,1,0.5,1,2.01,202,bipedal_tailed,Rock,Dark,Monster,NA,45
Lugia,249,680,106,90,130,90,154,110,2,1,White,0,NA,0,5.21,216,two_wings,Psychic,Flying,Undiscovered,NA,3
Ho-Oh,250,680,106,130,90,110,154,90,2,1,Red,0,NA,0,3.81,199,two_wings,Fire,Flying,Undiscovered,NA,3
Celebi,251,600,100,100,100,100,100,100,2,0,Green,0,NA,0,0.61,5,bipedal_tailless,Psychic,Grass,Undiscovered,NA,45
Treecko,252,310,40,45,35,65,55,70,3,0,Green,1,0.875,0,0.51,5,bipedal_tailed,Grass,NA,Monster,Dragon,45
Grovyle,253,405,50,65,45,85,65,95,3,0,Green,1,0.875,0,0.89,21.6,bipedal_tailed,Grass,NA,Monster,Dragon,45
Sceptile,254,530,70,85,65,105,85,120,3,0,Green,1,0.875,1,1.7,52.2,bipedal_tailed,Grass,NA,Monster,Dragon,45
Torchic,255,310,45,60,40,70,50,45,3,0,Red,1,0.875,0,0.41,2.5,head_legs,Fire,NA,Field,NA,45
Combusken,256,405,60,85,60,85,60,55,3,0,Red,1,0.875,0,0.89,19.5,bipedal_tailed,Fire,Fighting,Field,NA,45
Blaziken,257,530,80,120,70,110,70,80,3,0,Red,1,0.875,1,1.91,52,bipedal_tailed,Fire,Fighting,Field,NA,45
Mudkip,258,310,50,70,50,50,50,40,3,0,Blue,1,0.875,0,0.41,7.6,quadruped,Water,NA,Monster,Water_1,45
Marshtomp,259,405,70,85,70,60,70,50,3,0,Blue,1,0.875,0,0.71,28,bipedal_tailed,Water,Ground,Monster,Water_1,45
Swampert,260,535,100,110,90,85,90,60,3,0,Blue,1,0.875,1,1.5,81.9,bipedal_tailed,Water,Ground,Monster,Water_1,45
Poochyena,261,220,35,55,35,30,30,35,3,0,Grey,1,0.5,0,0.51,13.6,quadruped,Dark,NA,Field,NA,255
Mightyena,262,420,70,90,70,60,60,70,3,0,Grey,1,0.5,0,0.99,37,quadruped,Dark,NA,Field,NA,127
Zigzagoon,263,240,38,30,41,30,41,60,3,0,Brown,1,0.5,0,0.41,17.5,quadruped,Normal,NA,Field,NA,255
Linoone,264,420,78,70,61,50,61,100,3,0,White,1,0.5,0,0.51,32.5,quadruped,Normal,NA,Field,NA,90
Wurmple,265,195,45,45,35,20,30,20,3,0,Red,1,0.5,0,0.3,3.6,serpentine_body,Bug,NA,Bug,NA,255
Silcoon,266,205,50,35,55,25,25,15,3,0,White,1,0.5,0,0.61,10,head_only,Bug,NA,Bug,NA,120
Beautifly,267,395,60,70,50,100,50,65,3,0,Yellow,1,0.5,0,0.99,28.4,four_wings,Bug,Flying,Bug,NA,45
Cascoon,268,205,50,35,55,25,25,15,3,0,Purple,1,0.5,0,0.71,11.5,head_only,Bug,NA,Bug,NA,120
Dustox,269,385,60,50,70,50,90,65,3,0,Green,1,0.5,0,1.19,31.6,four_wings,Bug,Poison,Bug,NA,45
Lotad,270,220,40,30,30,40,50,30,3,0,Green,1,0.5,0,0.51,2.6,insectoid,Water,Grass,Water_1,Grass,255
Lombre,271,340,60,50,50,60,70,50,3,0,Green,1,0.5,0,1.19,32.5,bipedal_tailless,Water,Grass,Water_1,Grass,120
Ludicolo,272,480,80,70,70,90,100,70,3,0,Green,1,0.5,0,1.5,55,bipedal_tailless,Water,Grass,Water_1,Grass,45
Seedot,273,220,40,40,50,30,30,30,3,0,Brown,1,0.5,0,0.51,4,head_legs,Grass,NA,Field,Grass,255
Nuzleaf,274,340,70,70,40,60,40,60,3,0,Brown,1,0.5,0,0.99,28,bipedal_tailless,Grass,Dark,Field,Grass,120
Shiftry,275,480,90,100,60,90,60,80,3,0,Brown,1,0.5,0,1.3,59.6,bipedal_tailless,Grass,Dark,Field,Grass,45
Taillow,276,270,40,55,30,30,30,85,3,0,Blue,1,0.5,0,0.3,2.3,two_wings,Normal,Flying,Flying,NA,200
Swellow,277,430,60,85,60,50,50,125,3,0,Blue,1,0.5,0,0.71,19.8,two_wings,Normal,Flying,Flying,NA,45
Wingull,278,270,40,30,30,55,30,85,3,0,White,1,0.5,0,0.61,9.5,two_wings,Water,Flying,Water_1,Flying,190
Pelipper,279,430,60,50,100,85,70,65,3,0,Yellow,1,0.5,0,1.19,28,two_wings,Water,Flying,Water_1,Flying,45
Ralts,280,198,28,25,25,45,35,40,3,0,White,1,0.5,0,0.41,6.6,bipedal_tailless,Psychic,Fairy,Amorphous,NA,235
Kirlia,281,278,38,35,35,65,55,50,3,0,White,1,0.5,0,0.79,20.2,bipedal_tailless,Psychic,Fairy,Amorphous,NA,120
Gardevoir,282,518,68,65,65,125,115,80,3,0,White,1,0.5,1,1.6,48.4,bipedal_tailless,Psychic,Fairy,Amorphous,NA,45
Surskit,283,269,40,30,32,50,52,65,3,0,Blue,1,0.5,0,0.51,1.7,insectoid,Bug,Water,Water_1,Bug,200
Masquerain,284,414,70,60,62,80,82,60,3,0,Blue,1,0.5,0,0.79,3.6,four_wings,Bug,Flying,Water_1,Bug,75
Shroomish,285,295,60,40,60,40,60,35,3,0,Brown,1,0.5,0,0.41,4.5,head_legs,Grass,NA,Fairy,Grass,255
Breloom,286,460,60,130,80,60,60,70,3,0,Green,1,0.5,0,1.19,39.2,bipedal_tailed,Grass,Fighting,Fairy,Grass,90
Slakoth,287,280,60,60,60,35,35,30,3,0,Brown,1,0.5,0,0.79,24,quadruped,Normal,NA,Field,NA,255
Vigoroth,288,440,80,80,80,55,55,90,3,0,White,1,0.5,0,1.4,46.5,bipedal_tailed,Normal,NA,Field,NA,120
Slaking,289,670,150,160,100,95,65,100,3,0,Brown,1,0.5,0,2.01,130.5,bipedal_tailless,Normal,NA,Field,NA,45
Nincada,290,266,31,45,90,30,30,40,3,0,Grey,1,0.5,0,0.51,5.5,insectoid,Bug,Ground,Bug,NA,255
Ninjask,291,456,61,90,45,50,50,160,3,0,Yellow,1,0.5,0,0.79,12,four_wings,Bug,Flying,Bug,NA,120
Shedinja,292,236,1,90,45,30,30,40,3,0,Brown,0,NA,0,0.79,1.2,head_base,Bug,Ghost,Mineral,NA,45
Whismur,293,240,64,51,23,51,23,28,3,0,Pink,1,0.5,0,0.61,16.3,bipedal_tailed,Normal,NA,Monster,Field,190
Loudred,294,360,84,71,43,71,43,48,3,0,Blue,1,0.5,0,0.99,40.5,bipedal_tailed,Normal,NA,Monster,Field,120
Exploud,295,490,104,91,63,91,73,68,3,0,Blue,1,0.5,0,1.5,84,bipedal_tailed,Normal,NA,Monster,Field,45
Makuhita,296,237,72,60,30,20,30,25,3,0,Yellow,1,0.75,0,0.99,86.4,bipedal_tailless,Fighting,NA,Human-Like,NA,180
Hariyama,297,474,144,120,60,40,60,50,3,0,Brown,1,0.75,0,2.31,253.8,bipedal_tailless,Fighting,NA,Human-Like,NA,200
Azurill,298,190,50,20,40,20,40,20,3,0,Blue,1,0.25,0,0.2,2,head_legs,Normal,Fairy,Undiscovered,NA,150
Nosepass,299,375,30,45,135,45,90,30,3,0,Grey,1,0.5,0,0.99,97,bipedal_tailless,Rock,NA,Mineral,NA,255
Skitty,300,260,50,45,45,35,35,50,3,0,Pink,1,0.25,0,0.61,11,quadruped,Normal,NA,Field,Fairy,255
Delcatty,301,380,70,65,65,55,55,70,3,0,Purple,1,0.25,0,1.09,32.6,quadruped,Normal,NA,Field,Fairy,60
Sableye,302,380,50,75,75,65,65,50,3,0,Purple,1,0.5,1,0.51,11,bipedal_tailless,Dark,Ghost,Human-Like,NA,45
Mawile,303,380,50,85,85,55,55,50,3,0,Black,1,0.5,1,0.61,11.5,bipedal_tailless,Steel,Fairy,Field,Fairy,45
Aron,304,330,50,70,100,40,40,30,3,0,Grey,1,0.5,0,0.41,60,quadruped,Steel,Rock,Monster,NA,180
Lairon,305,430,60,90,140,50,50,40,3,0,Grey,1,0.5,0,0.89,120,quadruped,Steel,Rock,Monster,NA,90
Aggron,306,530,70,110,180,60,60,50,3,0,Grey,1,0.5,1,2.11,360,bipedal_tailed,Steel,Rock,Monster,NA,45
Meditite,307,280,30,40,55,40,55,60,3,0,Blue,1,0.5,0,0.61,11.2,bipedal_tailless,Fighting,Psychic,Human-Like,NA,180
Medicham,308,410,60,60,75,60,75,80,3,0,Red,1,0.5,1,1.3,31.5,bipedal_tailless,Fighting,Psychic,Human-Like,NA,90
Electrike,309,295,40,45,40,65,40,65,3,0,Green,1,0.5,0,0.61,15.2,quadruped,Electric,NA,Field,NA,120
Manectric,310,475,70,75,60,105,60,105,3,0,Yellow,1,0.5,1,1.5,40.2,quadruped,Electric,NA,Field,NA,45
Plusle,311,405,60,50,40,85,75,95,3,0,Yellow,1,0.5,0,0.41,4.2,bipedal_tailed,Electric,NA,Fairy,NA,200
Minun,312,405,60,40,50,75,85,95,3,0,Yellow,1,0.5,0,0.41,4.2,bipedal_tailed,Electric,NA,Fairy,NA,200
Volbeat,313,400,65,73,55,47,75,85,3,0,Grey,1,1,0,0.71,17.7,bipedal_tailed,Bug,NA,Bug,Human-Like,150
Illumise,314,400,65,47,55,73,75,85,3,0,Purple,1,0,0,0.61,17.7,bipedal_tailless,Bug,NA,Bug,Human-Like,150
Roselia,315,400,50,60,45,100,80,65,3,0,Green,1,0.5,0,0.3,2,bipedal_tailless,Grass,Poison,Fairy,Grass,150
Gulpin,316,302,70,43,53,43,53,40,3,0,Green,1,0.5,0,0.41,10.3,head_arms,Poison,NA,Amorphous,NA,225
Swalot,317,467,100,73,83,73,83,55,3,0,Purple,1,0.5,0,1.7,80,head_arms,Poison,NA,Amorphous,NA,75
Carvanha,318,305,45,90,20,65,20,65,3,0,Red,1,0.5,0,0.79,20.8,with_fins,Water,Dark,Water_2,NA,225
Sharpedo,319,460,70,120,40,95,40,95,3,0,Blue,1,0.5,1,1.8,88.8,with_fins,Water,Dark,Water_2,NA,60
Wailmer,320,400,130,70,35,70,35,60,3,0,Blue,1,0.5,0,2.01,130,with_fins,Water,NA,Field,Water_2,125
Wailord,321,500,170,90,45,90,45,60,3,0,Blue,1,0.5,0,14.5,398,with_fins,Water,NA,Field,Water_2,60
Numel,322,305,60,60,40,65,45,35,3,0,Yellow,1,0.5,0,0.71,24,quadruped,Fire,Ground,Field,NA,255
Camerupt,323,460,70,100,70,105,75,40,3,0,Red,1,0.5,1,1.91,220,quadruped,Fire,Ground,Field,NA,150
Torkoal,324,470,70,85,140,85,70,20,3,0,Brown,1,0.5,0,0.51,80.4,quadruped,Fire,NA,Field,NA,90
Spoink,325,330,60,25,35,70,80,60,3,0,Black,1,0.5,0,0.71,30.6,head_arms,Psychic,NA,Field,NA,255
Grumpig,326,470,80,45,65,90,110,80,3,0,Purple,1,0.5,0,0.89,71.5,bipedal_tailed,Psychic,NA,Field,NA,60
Spinda,327,360,60,60,60,60,60,60,3,0,Brown,1,0.5,0,1.09,5,bipedal_tailed,Normal,NA,Field,Human-Like,255
Trapinch,328,290,45,100,45,45,45,10,3,0,Brown,1,0.5,0,0.71,15,insectoid,Ground,NA,Bug,NA,255
Vibrava,329,340,50,70,50,50,50,70,3,0,Green,1,0.5,0,1.09,15.3,four_wings,Ground,Dragon,Bug,NA,120
Flygon,330,520,80,100,80,80,80,100,3,0,Green,1,0.5,0,2.01,82,two_wings,Ground,Dragon,Bug,NA,45
Cacnea,331,335,50,85,40,85,40,35,3,0,Green,1,0.5,0,0.41,51.3,bipedal_tailless,Grass,NA,Grass,Human-Like,190
Cacturne,332,475,70,115,60,115,60,55,3,0,Green,1,0.5,0,1.3,77.4,bipedal_tailless,Grass,Dark,Grass,Human-Like,60
Swablu,333,310,45,40,60,40,75,50,3,0,Blue,1,0.5,0,0.41,1.2,two_wings,Normal,Flying,Flying,Dragon,255
Altaria,334,490,75,70,90,70,105,80,3,0,Blue,1,0.5,1,1.09,20.6,two_wings,Dragon,Flying,Flying,Dragon,45
Zangoose,335,458,73,115,60,60,60,90,3,0,White,1,0.5,0,1.3,40.3,bipedal_tailed,Normal,NA,Field,NA,90
Seviper,336,458,73,100,60,100,60,65,3,0,Black,1,0.5,0,2.69,52.5,serpentine_body,Poison,NA,Field,Dragon,90
Lunatone,337,440,70,55,65,95,85,70,3,0,Yellow,0,NA,0,0.99,168,head_only,Rock,Psychic,Mineral,NA,45
Solrock,338,440,70,95,85,55,65,70,3,0,Red,0,NA,0,1.19,154,head_only,Rock,Psychic,Mineral,NA,45
Barboach,339,288,50,48,43,46,41,60,3,0,Grey,1,0.5,0,0.41,1.9,with_fins,Water,Ground,Water_2,NA,190
Whiscash,340,468,110,78,73,76,71,60,3,0,Blue,1,0.5,0,0.89,23.6,with_fins,Water,Ground,Water_2,NA,75
Corphish,341,308,43,80,65,50,35,35,3,0,Red,1,0.5,0,0.61,11.5,insectoid,Water,NA,Water_1,Water_3,205
Crawdaunt,342,468,63,120,85,90,55,55,3,0,Red,1,0.5,0,1.09,32.8,insectoid,Water,Dark,Water_1,Water_3,155
Baltoy,343,300,40,40,55,40,70,55,3,0,Brown,0,NA,0,0.51,21.5,head_arms,Ground,Psychic,Mineral,NA,255
Claydol,344,500,60,70,105,70,120,75,3,0,Black,0,NA,0,1.5,108,head_arms,Ground,Psychic,Mineral,NA,90
Lileep,345,355,66,41,77,61,87,23,3,0,Purple,1,0.875,0,0.99,23.8,head_base,Rock,Grass,Water_3,NA,45
Cradily,346,495,86,81,97,81,107,43,3,0,Green,1,0.875,0,1.5,60.4,head_base,Rock,Grass,Water_3,NA,45
Anorith,347,355,45,95,50,40,50,75,3,0,Grey,1,0.875,0,0.71,12.5,insectoid,Rock,Bug,Water_3,NA,45
Armaldo,348,495,75,125,100,70,80,45,3,0,Grey,1,0.875,0,1.5,68.2,bipedal_tailed,Rock,Bug,Water_3,NA,45
Feebas,349,200,20,15,20,10,55,80,3,0,Brown,1,0.5,0,0.61,7.4,with_fins,Water,NA,Water_1,Dragon,255
Milotic,350,540,95,60,79,100,125,81,3,0,Pink,1,0.5,0,6.2,162,serpentine_body,Water,NA,Water_1,Dragon,60
Castform,351,420,70,70,70,70,70,70,3,0,White,1,0.5,0,0.3,0.8,head_only,Normal,NA,Fairy,Amorphous,45
Kecleon,352,440,60,90,70,60,120,40,3,0,Green,1,0.5,0,0.99,22,bipedal_tailed,Normal,NA,Field,NA,200
Shuppet,353,295,44,75,35,63,33,45,3,0,Black,1,0.5,0,0.61,2.3,head_only,Ghost,NA,Amorphous,NA,225
Banette,354,455,64,115,65,83,63,65,3,0,Black,1,0.5,1,1.09,12.5,bipedal_tailed,Ghost,NA,Amorphous,NA,45
Duskull,355,295,20,40,90,30,90,25,3,0,Black,1,0.5,0,0.79,15,head_arms,Ghost,NA,Amorphous,NA,190
Dusclops,356,455,40,70,130,60,130,25,3,0,Black,1,0.5,0,1.6,30.6,bipedal_tailless,Ghost,NA,Amorphous,NA,90
Tropius,357,460,99,68,83,72,87,51,3,0,Green,1,0.5,0,2.01,100,quadruped,Grass,Flying,Monster,Grass,200
Chimecho,358,425,65,50,70,95,80,65,3,0,Blue,1,0.5,0,0.61,1,head_arms,Psychic,NA,Amorphous,NA,45
Absol,359,465,65,130,60,75,60,75,3,0,White,1,0.5,1,1.19,47,quadruped,Dark,NA,Field,NA,30
Wynaut,360,260,95,23,48,23,48,23,3,0,Blue,1,0.5,0,0.61,14,bipedal_tailed,Psychic,NA,Undiscovered,NA,125
Snorunt,361,300,50,50,50,50,50,50,3,0,Grey,1,0.5,0,0.71,16.8,bipedal_tailless,Ice,NA,Fairy,Mineral,190
Glalie,362,480,80,80,80,80,80,80,3,0,Grey,1,0.5,1,1.5,256.5,head_only,Ice,NA,Fairy,Mineral,75
Spheal,363,290,70,40,50,55,50,25,3,0,Blue,1,0.5,0,0.79,39.5,with_fins,Ice,Water,Water_1,Field,255
Sealeo,364,410,90,60,70,75,70,45,3,0,Blue,1,0.5,0,1.09,87.6,with_fins,Ice,Water,Water_1,Field,120
Walrein,365,530,110,80,90,95,90,65,3,0,Blue,1,0.5,0,1.4,150.6,quadruped,Ice,Water,Water_1,Field,45
Clamperl,366,345,35,64,85,74,55,32,3,0,Blue,1,0.5,0,0.41,52.5,head_only,Water,NA,Water_1,NA,255
Huntail,367,485,55,104,105,94,75,52,3,0,Blue,1,0.5,0,1.7,27,serpentine_body,Water,NA,Water_1,NA,60
Gorebyss,368,485,55,84,105,114,75,52,3,0,Pink,1,0.5,0,1.8,22.6,serpentine_body,Water,NA,Water_1,NA,60
Relicanth,369,485,100,90,130,45,65,55,3,0,Grey,1,0.875,0,0.99,23.4,with_fins,Water,Rock,Water_1,Water_2,25
Luvdisc,370,330,43,30,55,40,65,97,3,0,Pink,1,0.25,0,0.61,8.7,with_fins,Water,NA,Water_2,NA,225
Bagon,371,300,45,75,60,40,30,50,3,0,Blue,1,0.5,0,0.61,42.1,bipedal_tailless,Dragon,NA,Dragon,NA,45
Shelgon,372,420,65,95,100,60,50,50,3,0,White,1,0.5,0,1.09,110.5,quadruped,Dragon,NA,Dragon,NA,45
Salamence,373,600,95,135,80,110,80,100,3,0,Blue,1,0.5,1,1.5,102.6,quadruped,Dragon,Flying,Dragon,NA,45
Beldum,374,300,40,55,80,35,60,30,3,0,Blue,0,NA,0,0.61,95.2,head_base,Steel,Psychic,Mineral,NA,3
Metang,375,420,60,75,100,55,80,50,3,0,Blue,0,NA,0,1.19,202.5,head_arms,Steel,Psychic,Mineral,NA,3
Metagross,376,600,80,135,130,95,90,70,3,0,Blue,0,NA,1,1.6,550,multiple_bodies,Steel,Psychic,Mineral,NA,3
Regirock,377,580,80,100,200,50,100,50,3,1,Brown,0,NA,0,1.7,230,bipedal_tailless,Rock,NA,Undiscovered,NA,3
Regice,378,580,80,50,100,100,200,50,3,1,Blue,0,NA,0,1.8,175,bipedal_tailless,Ice,NA,Undiscovered,NA,3
Registeel,379,580,80,75,150,75,150,50,3,1,Grey,0,NA,0,1.91,205,bipedal_tailless,Steel,NA,Undiscovered,NA,3
Latias,380,600,80,80,90,110,130,110,3,1,Red,1,0,1,1.4,40,two_wings,Dragon,Psychic,Undiscovered,NA,3
Latios,381,600,80,90,80,130,110,110,3,1,Blue,1,1,1,2.01,60,two_wings,Dragon,Psychic,Undiscovered,NA,3
Kyogre,382,670,100,100,90,150,140,90,3,1,Blue,0,NA,0,4.5,352,with_fins,Water,NA,Undiscovered,NA,3
Groudon,383,670,100,150,140,100,90,90,3,1,Red,0,NA,0,3.51,950,bipedal_tailed,Ground,NA,Undiscovered,NA,3
Rayquaza,384,680,105,150,90,150,90,95,3,1,Green,0,NA,1,7.01,206.5,serpentine_body,Dragon,Flying,Undiscovered,NA,45
Jirachi,385,600,100,100,100,100,100,100,3,1,Yellow,0,NA,0,0.3,1.1,bipedal_tailless,Steel,Psychic,Undiscovered,NA,3
Deoxys,386,600,50,150,50,150,50,150,3,1,Red,0,NA,0,1.7,60.8,bipedal_tailless,Psychic,NA,Undiscovered,NA,3
Turtwig,387,318,55,68,64,45,55,31,4,0,Green,1,0.875,0,0.41,10.2,quadruped,Grass,NA,Monster,Grass,45
Grotle,388,405,75,89,85,55,65,36,4,0,Green,1,0.875,0,1.09,97,quadruped,Grass,NA,Monster,Grass,45
Torterra,389,525,95,109,105,75,85,56,4,0,Green,1,0.875,0,2.21,310,quadruped,Grass,Ground,Monster,Grass,45
Chimchar,390,309,44,58,44,58,44,61,4,0,Brown,1,0.875,0,0.51,6.2,bipedal_tailed,Fire,NA,Field,Human-Like,45
Monferno,391,405,64,78,52,78,52,81,4,0,Brown,1,0.875,0,0.89,22,bipedal_tailed,Fire,Fighting,Field,Human-Like,45
Infernape,392,534,76,104,71,104,71,108,4,0,Brown,1,0.875,0,1.19,55,bipedal_tailed,Fire,Fighting,Field,Human-Like,45
Piplup,393,314,53,51,53,61,56,40,4,0,Blue,1,0.875,0,0.41,5.2,bipedal_tailless,Water,NA,Water_1,Field,45
Prinplup,394,405,64,66,68,81,76,50,4,0,Blue,1,0.875,0,0.79,23,bipedal_tailed,Water,NA,Water_1,Field,45
Empoleon,395,530,84,86,88,111,101,60,4,0,Blue,1,0.875,0,1.7,84.5,bipedal_tailed,Water,Steel,Water_1,Field,45
Starly,396,245,40,55,30,30,30,60,4,0,Brown,1,0.5,0,0.3,2,two_wings,Normal,Flying,Flying,NA,255
Staravia,397,340,55,75,50,40,40,80,4,0,Brown,1,0.5,0,0.61,15.5,two_wings,Normal,Flying,Flying,NA,120
Staraptor,398,485,85,120,70,50,60,100,4,0,Brown,1,0.5,0,1.19,24.9,two_wings,Normal,Flying,Flying,NA,45
Bidoof,399,250,59,45,40,35,40,31,4,0,Brown,1,0.5,0,0.51,20,quadruped,Normal,NA,Water_1,Field,255
Bibarel,400,410,79,85,60,55,60,71,4,0,Brown,1,0.5,0,0.99,31.5,bipedal_tailed,Normal,Water,Water_1,Field,127
Kricketot,401,194,37,25,41,25,41,25,4,0,Red,1,0.5,0,0.3,2.2,bipedal_tailless,Bug,NA,Bug,NA,255
Kricketune,402,384,77,85,51,55,51,65,4,0,Red,1,0.5,0,0.99,25.5,four_wings,Bug,NA,Bug,NA,45
Shinx,403,263,45,65,34,40,34,45,4,0,Blue,1,0.5,0,0.51,9.5,quadruped,Electric,NA,Field,NA,235
Luxio,404,363,60,85,49,60,49,60,4,0,Blue,1,0.5,0,0.89,30.5,quadruped,Electric,NA,Field,NA,120
Luxray,405,523,80,120,79,95,79,70,4,0,Blue,1,0.5,0,1.4,42,quadruped,Electric,NA,Field,NA,45
Budew,406,280,40,30,35,50,70,55,4,0,Green,1,0.5,0,0.2,1.2,bipedal_tailless,Grass,Poison,Undiscovered,NA,255
Roserade,407,515,60,70,65,125,105,90,4,0,Green,1,0.5,0,0.89,14.5,bipedal_tailless,Grass,Poison,Fairy,Grass,75
Cranidos,408,350,67,125,40,30,30,58,4,0,Blue,1,0.875,0,0.89,31.5,bipedal_tailed,Rock,NA,Monster,NA,45
Rampardos,409,495,97,165,60,65,50,58,4,0,Blue,1,0.875,0,1.6,102.5,bipedal_tailed,Rock,NA,Monster,NA,45
Shieldon,410,350,30,42,118,42,88,30,4,0,Grey,1,0.875,0,0.51,57,quadruped,Rock,Steel,Monster,NA,45
Bastiodon,411,495,60,52,168,47,138,30,4,0,Grey,1,0.875,0,1.3,149.5,quadruped,Rock,Steel,Monster,NA,45
Burmy,412,224,40,29,45,29,45,36,4,0,Grey,1,0.5,0,0.2,3.4,head_base,Bug,NA,Bug,NA,120
Wormadam,413,424,60,59,85,79,105,36,4,0,Grey,1,0,0,0.51,6.5,head_base,Bug,Grass,Bug,NA,45
Mothim,414,424,70,94,50,94,50,66,4,0,Yellow,1,1,0,0.89,23.3,four_wings,Bug,Flying,Bug,NA,45
Combee,415,244,30,30,42,30,42,70,4,0,Yellow,1,0.875,0,0.3,5.5,multiple_bodies,Bug,Flying,Bug,NA,120
Vespiquen,416,474,70,80,102,80,102,40,4,0,Yellow,1,0,0,1.19,38.5,four_wings,Bug,Flying,Bug,NA,45
Pachirisu,417,405,60,45,70,45,90,95,4,0,White,1,0.5,0,0.41,3.9,quadruped,Electric,NA,Field,Fairy,200
Buizel,418,330,55,65,35,60,30,85,4,0,Brown,1,0.5,0,0.71,29.5,quadruped,Water,NA,Water_1,Field,190
Floatzel,419,495,85,105,55,85,50,115,4,0,Brown,1,0.5,0,1.09,33.5,quadruped,Water,NA,Water_1,Field,75
Cherubi,420,275,45,35,45,62,53,35,4,0,Pink,1,0.5,0,0.41,3.3,multiple_bodies,Grass,NA,Fairy,Grass,190
Cherrim,421,450,70,60,70,87,78,85,4,0,Pink,1,0.5,0,0.51,9.3,head_legs,Grass,NA,Fairy,Grass,75
Shellos,422,325,76,48,48,57,62,34,4,0,Purple,1,0.5,0,0.3,6.3,serpentine_body,Water,NA,Water_1,Amorphous,190
Gastrodon,423,475,111,83,68,92,82,39,4,0,Purple,1,0.5,0,0.89,29.9,serpentine_body,Water,Ground,Water_1,Amorphous,75
Ambipom,424,482,75,100,66,60,66,115,4,0,Purple,1,0.5,0,1.19,20.3,bipedal_tailed,Normal,NA,Field,NA,45
Drifloon,425,348,90,50,34,60,44,70,4,0,Purple,1,0.5,0,0.41,1.2,head_arms,Ghost,Flying,Amorphous,NA,125
Drifblim,426,498,150,80,44,90,54,80,4,0,Purple,1,0.5,0,1.19,15,head_arms,Ghost,Flying,Amorphous,NA,60
Buneary,427,350,55,66,44,44,56,85,4,0,Brown,1,0.5,0,0.41,5.5,bipedal_tailed,Normal,NA,Field,Human-Like,190
Lopunny,428,480,65,76,84,54,96,105,4,0,Brown,1,0.5,1,1.19,33.3,bipedal_tailed,Normal,NA,Field,Human-Like,60
Mismagius,429,495,60,60,60,105,105,105,4,0,Purple,1,0.5,0,0.89,4.4,head_only,Ghost,NA,Amorphous,NA,45
Honchkrow,430,505,100,125,52,105,52,71,4,0,Black,1,0.5,0,0.89,27.3,two_wings,Dark,Flying,Flying,NA,30
Glameow,431,310,49,55,42,42,37,85,4,0,Grey,1,0.25,0,0.51,3.9,quadruped,Normal,NA,Field,NA,190
Purugly,432,452,71,82,64,64,59,112,4,0,Grey,1,0.25,0,0.99,43.8,quadruped,Normal,NA,Field,NA,75
Chingling,433,285,45,30,50,65,50,45,4,0,Yellow,1,0.5,0,0.2,0.6,bipedal_tailless,Psychic,NA,Undiscovered,NA,120
Stunky,434,329,63,63,47,41,41,74,4,0,Purple,1,0.5,0,0.41,19.2,quadruped,Poison,Dark,Field,NA,225
Skuntank,435,479,103,93,67,71,61,84,4,0,Purple,1,0.5,0,0.99,38,quadruped,Poison,Dark,Field,NA,60
Bronzor,436,300,57,24,86,24,86,23,4,0,Green,0,NA,0,0.51,60.5,head_only,Steel,Psychic,Mineral,NA,255
Bronzong,437,500,67,89,116,79,116,33,4,0,Green,0,NA,0,1.3,187,head_arms,Steel,Psychic,Mineral,NA,90
Bonsly,438,290,50,80,95,10,45,10,4,0,Brown,1,0.5,0,0.51,15,head_legs,Rock,NA,Undiscovered,NA,255
Mime_Jr.,439,310,20,25,45,70,90,60,4,0,Pink,1,0.5,0,0.61,13,bipedal_tailless,Psychic,Fairy,Undiscovered,NA,145
Happiny,440,220,100,5,5,15,65,30,4,0,Pink,1,0,0,0.61,24.4,bipedal_tailless,Normal,NA,Undiscovered,NA,130
Chatot,441,411,76,65,45,92,42,91,4,0,Black,1,0.5,0,0.51,1.9,two_wings,Normal,Flying,Flying,NA,30
Spiritomb,442,485,50,92,108,92,108,35,4,0,Purple,1,0.5,0,0.99,108,head_base,Ghost,Dark,Amorphous,NA,100
Gible,443,300,58,70,45,40,45,42,4,0,Blue,1,0.5,0,0.71,20.5,bipedal_tailed,Dragon,Ground,Monster,Dragon,45
Gabite,444,410,68,90,65,50,55,82,4,0,Blue,1,0.5,0,1.4,56,bipedal_tailed,Dragon,Ground,Monster,Dragon,45
Garchomp,445,600,108,130,95,80,85,102,4,0,Blue,1,0.5,1,1.91,95,bipedal_tailed,Dragon,Ground,Monster,Dragon,45
Munchlax,446,390,135,85,40,40,85,5,4,0,Black,1,0.875,0,0.61,105,bipedal_tailless,Normal,NA,Undiscovered,NA,50
Riolu,447,285,40,70,40,35,40,60,4,0,Blue,1,0.875,0,0.71,20.2,bipedal_tailed,Fighting,NA,Undiscovered,NA,75
Lucario,448,525,70,110,70,115,70,90,4,0,Blue,1,0.875,1,1.19,54,bipedal_tailed,Fighting,Steel,Field,Human-Like,45
Hippopotas,449,330,68,72,78,38,42,32,4,0,Brown,1,0.5,0,0.79,49.5,quadruped,Ground,NA,Field,NA,140
Hippowdon,450,525,108,112,118,68,72,47,4,0,Brown,1,0.5,0,2.01,300,quadruped,Ground,NA,Field,NA,60
Skorupi,451,330,40,50,90,30,55,65,4,0,Purple,1,0.5,0,0.79,12,insectoid,Poison,Bug,Bug,Water_3,120
Drapion,452,500,70,90,110,60,75,95,4,0,Purple,1,0.5,0,1.3,61.5,insectoid,Poison,Dark,Bug,Water_3,45
Croagunk,453,300,48,61,40,61,40,50,4,0,Blue,1,0.5,0,0.71,23,bipedal_tailless,Poison,Fighting,Human-Like,NA,140
Toxicroak,454,490,83,106,65,86,65,85,4,0,Blue,1,0.5,0,1.3,44.4,bipedal_tailless,Poison,Fighting,Human-Like,NA,75
Carnivine,455,454,74,100,72,90,72,46,4,0,Green,1,0.5,0,1.4,27,several_limbs,Grass,NA,Grass,NA,200
Finneon,456,330,49,49,56,49,61,66,4,0,Blue,1,0.5,0,0.41,7,with_fins,Water,NA,Water_2,NA,190
Lumineon,457,460,69,69,76,69,86,91,4,0,Blue,1,0.5,0,1.19,24,with_fins,Water,NA,Water_2,NA,75
Mantyke,458,345,45,20,50,60,120,50,4,0,Blue,1,0.5,0,0.99,65,two_wings,Water,Flying,Undiscovered,NA,25
Snover,459,334,60,62,50,62,60,40,4,0,White,1,0.5,0,0.99,50.5,bipedal_tailed,Grass,Ice,Monster,Grass,120
Abomasnow,460,494,90,92,75,92,85,60,4,0,White,1,0.5,1,2.21,135.5,bipedal_tailed,Grass,Ice,Monster,Grass,60
Weavile,461,510,70,120,65,45,85,125,4,0,Black,1,0.5,0,1.09,34,bipedal_tailed,Dark,Ice,Field,NA,45
Magnezone,462,535,70,70,115,130,90,60,4,0,Grey,0,NA,0,1.19,180,head_arms,Electric,Steel,Mineral,NA,30
Lickilicky,463,515,110,85,95,80,95,50,4,0,Pink,1,0.5,0,1.7,140,bipedal_tailless,Normal,NA,Monster,NA,30
Rhyperior,464,535,115,140,130,55,55,40,4,0,Grey,1,0.5,0,2.39,282.8,bipedal_tailed,Ground,Rock,Monster,Field,30
Tangrowth,465,535,100,100,125,110,50,50,4,0,Blue,1,0.5,0,2.01,128.6,bipedal_tailless,Grass,NA,Grass,NA,30
Electivire,466,540,75,123,67,95,85,95,4,0,Yellow,1,0.75,0,1.8,138.6,bipedal_tailed,Electric,NA,Human-Like,NA,30
Magmortar,467,540,75,95,67,125,95,83,4,0,Red,1,0.75,0,1.6,68,bipedal_tailed,Fire,NA,Human-Like,NA,30
Togekiss,468,545,85,50,95,120,115,80,4,0,White,1,0.875,0,1.5,38,two_wings,Fairy,Flying,Flying,Fairy,30
Yanmega,469,515,86,76,86,116,56,95,4,0,Green,1,0.5,0,1.91,51.5,four_wings,Bug,Flying,Bug,NA,30
Leafeon,470,525,65,110,130,60,65,95,4,0,Green,1,0.875,0,0.99,25.5,quadruped,Grass,NA,Field,NA,45
Glaceon,471,525,65,60,110,130,95,65,4,0,Blue,1,0.875,0,0.79,25.9,quadruped,Ice,NA,Field,NA,45
Gliscor,472,510,75,95,125,45,75,95,4,0,Purple,1,0.5,0,2.01,42.5,two_wings,Ground,Flying,Bug,NA,30
Mamoswine,473,530,110,130,80,70,60,80,4,0,Brown,1,0.5,0,2.49,291,quadruped,Ice,Ground,Field,NA,50
Porygon-Z,474,535,85,80,70,135,75,90,4,0,Red,0,NA,0,0.89,34,head_arms,Normal,NA,Mineral,NA,30
Gallade,475,518,68,125,65,65,115,80,4,0,White,1,1,1,1.6,52,bipedal_tailless,Psychic,Fighting,Amorphous,NA,45
Probopass,476,525,60,55,145,75,150,40,4,0,Grey,1,0.5,0,1.4,340,multiple_bodies,Rock,Steel,Mineral,NA,60
Dusknoir,477,525,45,100,135,65,135,45,4,0,Black,1,0.5,0,2.21,106.6,head_arms,Ghost,NA,Amorphous,NA,45
Froslass,478,480,70,80,70,80,70,110,4,0,White,1,0,0,1.3,26.6,head_arms,Ice,Ghost,Fairy,Mineral,75
Rotom,479,440,50,50,77,95,77,91,4,0,Red,0,NA,0,0.3,0.3,head_only,Electric,Ghost,Amorphous,NA,45
Uxie,480,580,75,75,130,75,130,95,4,1,Yellow,0,NA,0,0.3,0.3,bipedal_tailed,Psychic,NA,Undiscovered,NA,3
Mesprit,481,580,80,105,105,105,105,80,4,1,Pink,0,NA,0,0.3,0.3,bipedal_tailed,Psychic,NA,Undiscovered,NA,3
Azelf,482,580,75,125,70,125,70,115,4,1,Blue,0,NA,0,0.3,0.3,bipedal_tailed,Psychic,NA,Undiscovered,NA,3
Dialga,483,680,100,120,120,150,100,90,4,1,White,0,NA,0,5.41,683,quadruped,Steel,Dragon,Undiscovered,NA,3
Palkia,484,680,90,120,100,150,120,100,4,1,Purple,0,NA,0,4.19,336,bipedal_tailed,Water,Dragon,Undiscovered,NA,3
Heatran,485,600,91,90,106,130,106,77,4,1,Brown,1,0.5,0,1.7,430,quadruped,Fire,Steel,Undiscovered,NA,3
Regigigas,486,670,110,160,110,80,110,100,4,1,White,0,NA,0,3.71,420,bipedal_tailless,Normal,NA,Undiscovered,NA,3
Giratina,487,680,150,120,100,120,100,90,4,1,Black,0,NA,0,6.91,650,serpentine_body,Ghost,Dragon,Undiscovered,NA,3
Cresselia,488,600,120,70,120,75,130,85,4,0,Yellow,1,0,0,1.5,85.6,serpentine_body,Psychic,NA,Undiscovered,NA,3
Phione,489,480,80,80,80,80,80,80,4,0,Blue,0,NA,0,0.41,3.1,head_arms,Water,NA,Water_1,Fairy,30
Manaphy,490,600,100,100,100,100,100,100,4,0,Blue,0,NA,0,0.3,1.4,bipedal_tailless,Water,NA,Water_1,Fairy,3
Darkrai,491,600,70,90,90,135,90,125,4,1,Black,0,NA,0,1.5,50.5,bipedal_tailless,Dark,NA,Undiscovered,NA,3
Shaymin,492,600,100,100,100,100,100,100,4,1,Green,0,NA,0,0.2,2.1,quadruped,Grass,NA,Undiscovered,NA,45
Arceus,493,720,120,120,120,120,120,120,4,1,Grey,0,NA,0,3.2,320,quadruped,Normal,NA,Undiscovered,NA,3
Victini,494,600,100,100,100,100,100,100,5,1,Yellow,0,NA,0,0.41,4,bipedal_tailless,Psychic,Fire,Undiscovered,NA,3
Snivy,495,308,45,45,55,45,55,63,5,0,Green,1,0.875,0,0.61,8.1,bipedal_tailed,Grass,NA,Field,Grass,45
Servine,496,413,60,60,75,60,75,83,5,0,Green,1,0.875,0,0.79,16,bipedal_tailed,Grass,NA,Field,Grass,45
Serperior,497,528,75,75,95,75,95,113,5,0,Green,1,0.875,0,3.3,63,serpentine_body,Grass,NA,Field,Grass,45
Tepig,498,308,65,63,45,45,45,45,5,0,Red,1,0.875,0,0.51,9.9,quadruped,Fire,NA,Field,NA,45
Pignite,499,418,90,93,55,70,55,55,5,0,Red,1,0.875,0,0.99,55.5,bipedal_tailed,Fire,Fighting,Field,NA,45
Emboar,500,528,110,123,65,100,65,65,5,0,Red,1,0.875,0,1.6,150,bipedal_tailed,Fire,Fighting,Field,NA,45
Oshawott,501,308,55,55,45,63,45,45,5,0,Blue,1,0.875,0,0.51,5.9,bipedal_tailed,Water,NA,Field,NA,45
Dewott,502,413,75,75,60,83,60,60,5,0,Blue,1,0.875,0,0.79,24.5,bipedal_tailed,Water,NA,Field,NA,45
Samurott,503,528,95,100,85,108,70,70,5,0,Blue,1,0.875,0,1.5,94.6,quadruped,Water,NA,Field,NA,45
Patrat,504,255,45,55,39,35,39,42,5,0,Brown,1,0.5,0,0.51,11.6,quadruped,Normal,NA,Field,NA,255
Watchog,505,420,60,85,69,60,69,77,5,0,Brown,1,0.5,0,1.09,27,bipedal_tailed,Normal,NA,Field,NA,255
Lillipup,506,275,45,60,45,25,45,55,5,0,Brown,1,0.5,0,0.41,4.1,quadruped,Normal,NA,Field,NA,255
Herdier,507,370,65,80,65,35,65,60,5,0,Grey,1,0.5,0,0.89,14.7,quadruped,Normal,NA,Field,NA,120
Stoutland,508,500,85,110,90,45,90,80,5,0,Grey,1,0.5,0,1.19,61,quadruped,Normal,NA,Field,NA,45
Purrloin,509,281,41,50,37,50,37,66,5,0,Purple,1,0.5,0,0.41,10.1,quadruped,Dark,NA,Field,NA,255
Liepard,510,446,64,88,50,88,50,106,5,0,Purple,1,0.5,0,1.09,37.5,quadruped,Dark,NA,Field,NA,90
Pansage,511,316,50,53,48,53,48,64,5,0,Green,1,0.875,0,0.61,10.5,bipedal_tailed,Grass,NA,Field,NA,190
Simisage,512,498,75,98,63,98,63,101,5,0,Green,1,0.875,0,1.09,30.5,bipedal_tailed,Grass,NA,Field,NA,75
Pansear,513,316,50,53,48,53,48,64,5,0,Red,1,0.875,0,0.61,11,bipedal_tailed,Fire,NA,Field,NA,190
Simisear,514,498,75,98,63,98,63,101,5,0,Red,1,0.875,0,0.99,28,bipedal_tailed,Fire,NA,Field,NA,75
Panpour,515,316,50,53,48,53,48,64,5,0,Blue,1,0.875,0,0.61,13.5,bipedal_tailed,Water,NA,Field,NA,190
Simipour,516,498,75,98,63,98,63,101,5,0,Blue,1,0.875,0,0.99,29,bipedal_tailed,Water,NA,Field,NA,75
Munna,517,292,76,25,45,67,55,24,5,0,Pink,1,0.5,0,0.61,23.3,quadruped,Psychic,NA,Field,NA,190
Musharna,518,487,116,55,85,107,95,29,5,0,Pink,1,0.5,0,1.09,60.5,bipedal_tailless,Psychic,NA,Field,NA,75
Pidove,519,264,50,55,50,36,30,43,5,0,Grey,1,0.5,0,0.3,2.1,two_wings,Normal,Flying,Flying,NA,255
Tranquill,520,358,62,77,62,50,42,65,5,0,Grey,1,0.5,0,0.61,15,two_wings,Normal,Flying,Flying,NA,120
Unfezant,521,488,80,115,80,65,55,93,5,0,Grey,1,0.5,0,1.19,29,two_wings,Normal,Flying,Flying,NA,45
Blitzle,522,295,45,60,32,50,32,76,5,0,Black,1,0.5,0,0.79,29.8,quadruped,Electric,NA,Field,NA,190
Zebstrika,523,497,75,100,63,80,63,116,5,0,Black,1,0.5,0,1.6,79.5,quadruped,Electric,NA,Field,NA,75
Roggenrola,524,280,55,75,85,25,25,15,5,0,Blue,1,0.5,0,0.41,18,head_legs,Rock,NA,Mineral,NA,255
Boldore,525,390,70,105,105,50,40,20,5,0,Blue,1,0.5,0,0.89,102,several_limbs,Rock,NA,Mineral,NA,120
Gigalith,526,515,85,135,130,60,80,25,5,0,Blue,1,0.5,0,1.7,260,several_limbs,Rock,NA,Mineral,NA,45
Woobat,527,313,55,45,43,55,43,72,5,0,Blue,1,0.5,0,0.41,2.1,two_wings,Psychic,Flying,Field,Flying,190
Swoobat,528,425,67,57,55,77,55,114,5,0,Blue,1,0.5,0,0.89,10.5,two_wings,Psychic,Flying,Field,Flying,45
Drilbur,529,328,60,85,40,30,45,68,5,0,Grey,1,0.5,0,0.3,8.5,bipedal_tailed,Ground,NA,Field,NA,120
Excadrill,530,508,110,135,60,50,65,88,5,0,Grey,1,0.5,0,0.71,40.4,bipedal_tailless,Ground,Steel,Field,NA,60
Audino,531,445,103,60,86,60,86,50,5,0,Pink,1,0.5,1,1.09,31,bipedal_tailed,Normal,NA,Fairy,NA,255
Timburr,532,305,75,80,55,25,35,35,5,0,Grey,1,0.75,0,0.61,12.5,bipedal_tailless,Fighting,NA,Human-Like,NA,180
Gurdurr,533,405,85,105,85,40,50,40,5,0,Grey,1,0.75,0,1.19,40,bipedal_tailless,Fighting,NA,Human-Like,NA,90
Conkeldurr,534,505,105,140,95,55,65,45,5,0,Grey,1,0.75,0,1.4,87,bipedal_tailless,Fighting,NA,Human-Like,NA,45
Tympole,535,294,50,50,40,50,40,64,5,0,Blue,1,0.5,0,0.51,4.5,with_fins,Water,NA,Water_1,NA,255
Palpitoad,536,384,75,65,55,65,55,69,5,0,Blue,1,0.5,0,0.79,17,bipedal_tailed,Water,Ground,Water_1,NA,120
Seismitoad,537,509,105,95,75,85,75,74,5,0,Blue,1,0.5,0,1.5,62,bipedal_tailless,Water,Ground,Water_1,NA,45
Throh,538,465,120,100,85,30,85,45,5,0,Red,1,1,0,1.3,55.5,bipedal_tailless,Fighting,NA,Human-Like,NA,45
Sawk,539,465,75,125,75,30,75,85,5,0,Blue,1,1,0,1.4,51,bipedal_tailless,Fighting,NA,Human-Like,NA,45
Sewaddle,540,310,45,53,70,40,60,42,5,0,Yellow,1,0.5,0,0.3,2.5,insectoid,Bug,Grass,Bug,NA,255
Swadloon,541,380,55,63,90,50,80,42,5,0,Green,1,0.5,0,0.51,7.3,head_arms,Bug,Grass,Bug,NA,120
Leavanny,542,500,75,103,80,70,80,92,5,0,Yellow,1,0.5,0,1.19,20.5,bipedal_tailless,Bug,Grass,Bug,NA,45
Venipede,543,260,30,45,59,30,39,57,5,0,Red,1,0.5,0,0.41,5.3,insectoid,Bug,Poison,Bug,NA,255
Whirlipede,544,360,40,55,99,40,79,47,5,0,Grey,1,0.5,0,1.19,58.5,head_only,Bug,Poison,Bug,NA,120
Scolipede,545,485,60,100,89,55,69,112,5,0,Red,1,0.5,0,2.49,200.5,insectoid,Bug,Poison,Bug,NA,45
Cottonee,546,280,40,27,60,37,50,66,5,0,Green,1,0.5,0,0.3,0.6,head_only,Grass,Fairy,Grass,Fairy,190
Whimsicott,547,480,60,67,85,77,75,116,5,0,Green,1,0.5,0,0.71,6.6,bipedal_tailless,Grass,Fairy,Grass,Fairy,75
Petilil,548,280,45,35,50,70,50,30,5,0,Green,1,0,0,0.51,6.6,head_base,Grass,NA,Grass,NA,190
Lilligant,549,480,70,60,75,110,75,90,5,0,Green,1,0,0,1.09,16.3,head_base,Grass,NA,Grass,NA,75
Basculin,550,460,70,92,65,80,55,98,5,0,Green,1,0.5,0,0.99,18,with_fins,Water,NA,Water_2,NA,25
Sandile,551,292,50,72,35,35,35,65,5,0,Brown,1,0.5,0,0.71,15.2,quadruped,Ground,Dark,Field,NA,180
Krokorok,552,351,60,82,45,45,45,74,5,0,Brown,1,0.5,0,0.99,33.4,quadruped,Ground,Dark,Field,NA,90
Krookodile,553,519,95,117,80,65,70,92,5,0,Red,1,0.5,0,1.5,96.3,bipedal_tailed,Ground,Dark,Field,NA,45
Darumaka,554,315,70,90,45,15,45,50,5,0,Red,1,0.5,0,0.61,37.5,bipedal_tailless,Fire,NA,Field,NA,120
Darmanitan,555,480,105,140,55,30,55,95,5,0,Red,1,0.5,0,1.3,92.9,quadruped,Fire,NA,Field,NA,60
Maractus,556,461,75,86,67,106,67,60,5,0,Green,1,0.5,0,0.99,28,head_base,Grass,NA,Grass,NA,255
Dwebble,557,325,50,65,85,35,35,55,5,0,Red,1,0.5,0,0.3,14.5,insectoid,Bug,Rock,Bug,Mineral,190
Crustle,558,475,70,95,125,65,75,45,5,0,Red,1,0.5,0,1.4,200,insectoid,Bug,Rock,Bug,Mineral,75
Scraggy,559,348,50,75,70,35,70,48,5,0,Yellow,1,0.5,0,0.61,11.8,bipedal_tailed,Dark,Fighting,Field,Dragon,180
Scrafty,560,488,65,90,115,45,115,58,5,0,Red,1,0.5,0,1.09,30,bipedal_tailed,Dark,Fighting,Field,Dragon,90
Sigilyph,561,490,72,58,80,103,80,97,5,0,Black,1,0.5,0,1.4,14,two_wings,Psychic,Flying,Flying,NA,45
Yamask,562,303,38,30,85,55,65,30,5,0,Black,1,0.5,0,0.51,1.5,head_arms,Ghost,NA,Mineral,Amorphous,190
Cofagrigus,563,483,58,50,145,95,105,30,5,0,Yellow,1,0.5,0,1.7,76.5,head_base,Ghost,NA,Mineral,Amorphous,90
Tirtouga,564,355,54,78,103,53,45,22,5,0,Blue,1,0.875,0,0.71,16.5,quadruped,Water,Rock,Water_1,Water_3,45
Carracosta,565,495,74,108,133,83,65,32,5,0,Blue,1,0.875,0,1.19,81,bipedal_tailed,Water,Rock,Water_1,Water_3,45
Archen,566,401,55,112,45,74,45,70,5,0,Yellow,1,0.875,0,0.51,9.5,two_wings,Rock,Flying,Flying,Water_3,45
Archeops,567,567,75,140,65,112,65,110,5,0,Yellow,1,0.875,0,1.4,32,two_wings,Rock,Flying,Flying,Water_3,45
Trubbish,568,329,50,50,62,40,62,65,5,0,Green,1,0.5,0,0.61,31,bipedal_tailless,Poison,NA,Mineral,NA,190
Garbodor,569,474,80,95,82,60,82,75,5,0,Green,1,0.5,0,1.91,107.3,bipedal_tailless,Poison,NA,Mineral,NA,60
Zorua,570,330,40,65,40,80,40,65,5,0,Grey,1,0.875,0,0.71,12.5,quadruped,Dark,NA,Field,NA,75
Zoroark,571,510,60,105,60,120,60,105,5,0,Grey,1,0.875,0,1.6,81.1,bipedal_tailed,Dark,NA,Field,NA,45
Minccino,572,300,55,50,40,40,40,75,5,0,Grey,1,0.25,0,0.41,5.8,quadruped,Normal,NA,Field,NA,255
Cinccino,573,470,75,95,60,65,60,115,5,0,Grey,1,0.25,0,0.51,7.5,quadruped,Normal,NA,Field,NA,60
Gothita,574,290,45,30,50,55,65,45,5,0,Purple,1,0.25,0,0.41,5.8,bipedal_tailless,Psychic,NA,Human-Like,NA,200
Gothorita,575,390,60,45,70,75,85,55,5,0,Purple,1,0.25,0,0.71,18,bipedal_tailless,Psychic,NA,Human-Like,NA,100
Gothitelle,576,490,70,55,95,95,110,65,5,0,Purple,1,0.25,0,1.5,44,bipedal_tailless,Psychic,NA,Human-Like,NA,50
Solosis,577,290,45,30,40,105,50,20,5,0,Green,1,0.5,0,0.3,1,head_only,Psychic,NA,Amorphous,NA,200
Duosion,578,370,65,40,50,125,60,30,5,0,Green,1,0.5,0,0.61,8,head_only,Psychic,NA,Amorphous,NA,100
Reuniclus,579,490,110,65,75,125,85,30,5,0,Green,1,0.5,0,0.99,20.1,head_arms,Psychic,NA,Amorphous,NA,50
Ducklett,580,305,62,44,50,44,50,55,5,0,Blue,1,0.5,0,0.51,5.5,two_wings,Water,Flying,Water_1,Flying,190
Swanna,581,473,75,87,63,87,63,98,5,0,White,1,0.5,0,1.3,24.2,two_wings,Water,Flying,Water_1,Flying,45
Vanillite,582,305,36,50,50,65,60,44,5,0,White,1,0.5,0,0.41,5.7,head_base,Ice,NA,Mineral,NA,255
Vanillish,583,395,51,65,65,80,75,59,5,0,White,1,0.5,0,1.09,41,head_base,Ice,NA,Mineral,NA,120
Vanilluxe,584,535,71,95,85,110,95,79,5,0,White,1,0.5,0,1.3,57.5,multiple_bodies,Ice,NA,Mineral,NA,45
Deerling,585,335,60,60,50,40,50,75,5,0,Yellow,1,0.5,0,0.61,19.5,quadruped,Normal,Grass,Field,NA,190
Sawsbuck,586,475,80,100,70,60,70,95,5,0,Brown,1,0.5,0,1.91,92.5,quadruped,Normal,Grass,Field,NA,75
Emolga,587,428,55,75,60,75,60,103,5,0,White,1,0.5,0,0.41,5,quadruped,Electric,Flying,Field,NA,200
Karrablast,588,315,50,75,45,40,45,60,5,0,Blue,1,0.5,0,0.51,5.9,bipedal_tailless,Bug,NA,Bug,NA,200
Escavalier,589,495,70,135,105,60,105,20,5,0,Grey,1,0.5,0,0.99,33,head_arms,Bug,Steel,Bug,NA,75
Foongus,590,294,69,55,45,55,55,15,5,0,White,1,0.5,0,0.2,1,head_arms,Grass,Poison,Grass,NA,190
Amoonguss,591,464,114,85,70,85,80,30,5,0,Grey,1,0.5,0,0.61,10.5,head_arms,Grass,Poison,Grass,NA,75
Frillish,592,335,55,40,50,65,85,40,5,0,White,1,0.5,0,1.19,33,several_limbs,Water,Ghost,Amorphous,NA,190
Jellicent,593,480,100,60,70,85,105,60,5,0,White,1,0.5,0,2.21,135,several_limbs,Water,Ghost,Amorphous,NA,60
Alomomola,594,470,165,75,80,40,45,65,5,0,Pink,1,0.5,0,1.19,31.6,with_fins,Water,NA,Water_1,Water_2,75
Joltik,595,319,50,47,50,57,50,65,5,0,Yellow,1,0.5,0,0.1,0.6,insectoid,Bug,Electric,Bug,NA,190
Galvantula,596,472,70,77,60,97,60,108,5,0,Yellow,1,0.5,0,0.79,14.3,insectoid,Bug,Electric,Bug,NA,75
Ferroseed,597,305,44,50,91,24,86,10,5,0,Grey,1,0.5,0,0.61,18.8,head_only,Grass,Steel,Grass,Mineral,255
Ferrothorn,598,489,74,94,131,54,116,20,5,0,Grey,1,0.5,0,0.99,110,several_limbs,Grass,Steel,Grass,Mineral,90
Klink,599,300,40,55,70,45,60,30,5,0,Grey,0,NA,0,0.3,21,multiple_bodies,Steel,NA,Mineral,NA,130
Klang,600,440,60,80,95,70,85,50,5,0,Grey,0,NA,0,0.61,51,multiple_bodies,Steel,NA,Mineral,NA,60
Klinklang,601,520,60,100,115,70,85,90,5,0,Grey,0,NA,0,0.61,81,multiple_bodies,Steel,NA,Mineral,NA,30
Tynamo,602,275,35,55,40,45,40,60,5,0,White,1,0.5,0,0.2,0.3,with_fins,Electric,NA,Amorphous,NA,190
Eelektrik,603,405,65,85,70,75,70,40,5,0,Blue,1,0.5,0,1.19,22,with_fins,Electric,NA,Amorphous,NA,60
Eelektross,604,515,85,115,80,105,80,50,5,0,Blue,1,0.5,0,2.11,80.5,with_fins,Electric,NA,Amorphous,NA,30
Elgyem,605,335,55,55,55,85,55,30,5,0,Grey,1,0.5,0,0.51,9,bipedal_tailed,Psychic,NA,Human-Like,NA,255
Beheeyem,606,485,75,75,75,125,95,40,5,0,Brown,1,0.5,0,0.99,34.5,bipedal_tailless,Psychic,NA,Human-Like,NA,90
Litwick,607,275,50,30,55,65,55,20,5,0,White,1,0.5,0,0.3,3.1,head_base,Ghost,Fire,Amorphous,NA,190
Lampent,608,370,60,40,60,95,60,55,5,0,Black,1,0.5,0,0.61,13,head_arms,Ghost,Fire,Amorphous,NA,90
Chandelure,609,520,60,55,90,145,90,80,5,0,Black,1,0.5,0,0.99,34.3,head_arms,Ghost,Fire,Amorphous,NA,45
Axew,610,320,46,87,60,30,40,57,5,0,Green,1,0.5,0,0.61,18,bipedal_tailed,Dragon,NA,Monster,Dragon,75
Fraxure,611,410,66,117,70,40,50,67,5,0,Green,1,0.5,0,0.99,36,bipedal_tailed,Dragon,NA,Monster,Dragon,60
Haxorus,612,540,76,147,90,60,70,97,5,0,Yellow,1,0.5,0,1.8,105.5,bipedal_tailed,Dragon,NA,Monster,Dragon,45
Cubchoo,613,305,55,70,40,60,40,40,5,0,Blue,1,0.5,0,0.51,8.5,bipedal_tailed,Ice,NA,Field,NA,120
Beartic,614,485,95,110,80,70,80,50,5,0,White,1,0.5,0,2.59,260,quadruped,Ice,NA,Field,NA,60
Cryogonal,615,485,70,50,30,95,135,105,5,0,Blue,0,NA,0,1.09,148,head_only,Ice,NA,Mineral,NA,25
Shelmet,616,305,50,40,85,40,65,25,5,0,Red,1,0.5,0,0.41,7.7,head_only,Bug,NA,Bug,NA,200
Accelgor,617,495,80,70,40,100,60,145,5,0,Red,1,0.5,0,0.79,25.3,head_arms,Bug,NA,Bug,NA,75
Stunfisk,618,471,109,66,84,81,99,32,5,0,Brown,1,0.5,0,0.71,11,with_fins,Ground,Electric,Water_1,Amorphous,75
Mienfoo,619,350,45,85,50,55,50,65,5,0,Yellow,1,0.5,0,0.89,20,bipedal_tailed,Fighting,NA,Field,Human-Like,180
Mienshao,620,510,65,125,60,95,60,105,5,0,Purple,1,0.5,0,1.4,35.5,bipedal_tailed,Fighting,NA,Field,Human-Like,45
Druddigon,621,485,77,120,90,60,90,48,5,0,Red,1,0.5,0,1.6,139,bipedal_tailed,Dragon,NA,Dragon,Monster,45
Golett,622,303,59,74,50,35,50,35,5,0,Green,0,NA,0,0.99,92,bipedal_tailless,Ground,Ghost,Mineral,NA,190
Golurk,623,483,89,124,80,55,80,55,5,0,Green,0,NA,0,2.79,330,bipedal_tailless,Ground,Ghost,Mineral,NA,90
Pawniard,624,340,45,85,70,40,40,60,5,0,Red,1,0.5,0,0.51,10.2,bipedal_tailless,Dark,Steel,Human-Like,NA,120
Bisharp,625,490,65,125,100,60,70,70,5,0,Red,1,0.5,0,1.6,70,bipedal_tailless,Dark,Steel,Human-Like,NA,45
Bouffalant,626,490,95,110,95,40,95,55,5,0,Brown,1,0.5,0,1.6,94.6,quadruped,Normal,NA,Field,NA,45
Rufflet,627,350,70,83,50,37,50,60,5,0,White,1,1,0,0.51,10.5,two_wings,Normal,Flying,Flying,NA,190
Braviary,628,510,100,123,75,57,75,80,5,0,Red,1,1,0,1.5,41,two_wings,Normal,Flying,Flying,NA,60
Vullaby,629,370,70,55,75,45,65,60,5,0,Brown,1,0,0,0.51,9,two_wings,Dark,Flying,Flying,NA,190
Mandibuzz,630,510,110,65,105,55,95,80,5,0,Brown,1,0,0,1.19,39.5,two_wings,Dark,Flying,Flying,NA,60
Heatmor,631,484,85,97,66,105,66,65,5,0,Red,1,0.5,0,1.4,58,bipedal_tailed,Fire,NA,Field,NA,90
Durant,632,484,58,109,112,48,48,109,5,0,Grey,1,0.5,0,0.3,33,insectoid,Bug,Steel,Bug,NA,90
Deino,633,300,52,65,50,45,50,38,5,0,Blue,1,0.5,0,0.79,17.3,quadruped,Dark,Dragon,Dragon,NA,45
Zweilous,634,420,72,85,70,65,70,58,5,0,Blue,1,0.5,0,1.4,50,quadruped,Dark,Dragon,Dragon,NA,45
Hydreigon,635,600,92,105,90,125,90,98,5,0,Blue,1,0.5,0,1.8,160,bipedal_tailed,Dark,Dragon,Dragon,NA,45
Larvesta,636,360,55,85,55,50,55,60,5,0,White,1,0.5,0,1.09,28.8,insectoid,Bug,Fire,Bug,NA,45
Volcarona,637,550,85,60,65,135,105,100,5,0,White,1,0.5,0,1.6,46,four_wings,Bug,Fire,Bug,NA,15
Cobalion,638,580,91,90,129,90,72,108,5,1,Blue,0,NA,0,2.11,250,quadruped,Steel,Fighting,Undiscovered,NA,3
Terrakion,639,580,91,129,90,72,90,108,5,1,Grey,0,NA,0,1.91,260,quadruped,Rock,Fighting,Undiscovered,NA,3
Virizion,640,580,91,90,72,90,129,108,5,1,Green,0,NA,0,2.01,200,quadruped,Grass,Fighting,Undiscovered,NA,3
Tornadus,641,580,79,115,70,125,80,111,5,1,Green,1,1,0,1.5,63,head_arms,Flying,NA,Undiscovered,NA,3
Thundurus,642,580,79,115,70,125,80,111,5,1,Blue,1,1,0,1.5,61,head_arms,Electric,Flying,Undiscovered,NA,3
Reshiram,643,680,100,120,100,150,120,90,5,1,White,0,NA,0,3.2,330,two_wings,Dragon,Fire,Undiscovered,NA,3
Zekrom,644,680,100,150,120,120,100,90,5,1,Black,0,NA,0,2.9,345,bipedal_tailed,Dragon,Electric,Undiscovered,NA,3
Landorus,645,600,89,125,90,115,80,101,5,1,Brown,1,1,0,1.5,68,head_arms,Ground,Flying,Undiscovered,NA,3
Kyurem,646,660,125,130,90,130,90,95,5,1,Grey,0,NA,0,3,325,bipedal_tailed,Dragon,Ice,Undiscovered,NA,3
Keldeo,647,580,91,72,90,129,90,108,5,0,Yellow,0,NA,0,1.4,48.5,quadruped,Water,Fighting,Undiscovered,NA,3
Meloetta,648,600,100,77,77,128,128,90,5,0,White,0,NA,0,0.61,6.5,bipedal_tailless,Normal,Psychic,Undiscovered,NA,3
Genesect,649,600,71,120,95,120,95,99,5,0,Purple,0,NA,0,1.5,82.5,bipedal_tailless,Bug,Steel,Undiscovered,NA,3
Chespin,650,313,56,61,65,48,45,38,6,0,Green,1,0.875,0,0.41,9,bipedal_tailed,Grass,NA,Field,NA,45
Quilladin,651,405,61,78,95,56,58,57,6,0,Green,1,0.875,0,0.71,29,bipedal_tailed,Grass,NA,Field,NA,45
Chesnaught,652,530,88,107,122,74,75,64,6,0,Green,1,0.875,0,1.6,90,bipedal_tailed,Grass,Fighting,Field,NA,45
Fennekin,653,307,40,45,40,62,60,60,6,0,Red,1,0.875,0,0.41,9.4,quadruped,Fire,NA,Field,NA,45
Braixen,654,409,59,59,58,90,70,73,6,0,Red,1,0.875,0,0.99,14.5,bipedal_tailed,Fire,NA,Field,NA,45
Delphox,655,534,75,69,72,114,100,104,6,0,Red,1,0.875,0,1.5,39,bipedal_tailed,Fire,Psychic,Field,NA,45
Froakie,656,314,41,56,40,62,44,71,6,0,Blue,1,0.875,0,0.3,7,quadruped,Water,NA,Water_1,NA,45
Frogadier,657,405,54,63,52,83,56,97,6,0,Blue,1,0.875,0,0.61,10.9,bipedal_tailless,Water,NA,Water_1,NA,45
Greninja,658,530,72,95,67,103,71,122,6,0,Blue,1,0.875,0,1.5,40,bipedal_tailless,Water,Dark,Water_1,NA,45
Bunnelby,659,237,38,36,38,32,36,57,6,0,Brown,1,0.5,0,0.41,5,bipedal_tailed,Normal,NA,Field,NA,255
Diggersby,660,423,85,56,77,50,77,78,6,0,Brown,1,0.5,0,0.99,42.4,bipedal_tailed,Normal,Ground,Field,NA,127
Fletchling,661,278,45,50,43,40,38,62,6,0,Red,1,0.5,0,0.3,1.7,two_wings,Normal,Flying,Flying,NA,255
Fletchinder,662,382,62,73,55,56,52,84,6,0,Red,1,0.5,0,0.71,16,two_wings,Fire,Flying,Flying,NA,120
Talonflame,663,499,78,81,71,74,69,126,6,0,Red,1,0.5,0,1.19,24.5,two_wings,Fire,Flying,Flying,NA,45
Scatterbug,664,200,38,35,40,27,25,35,6,0,Black,1,0.5,0,0.3,2.5,insectoid,Bug,NA,Bug,NA,255
Spewpa,665,213,45,22,60,27,30,29,6,0,Black,1,0.5,0,0.3,8.4,head_base,Bug,NA,Bug,NA,120
Vivillon,666,411,80,52,50,90,50,89,6,0,Black,1,0.5,0,1.19,17,four_wings,Bug,Flying,Bug,NA,45
Litleo,667,369,62,50,58,73,54,72,6,0,Brown,1,0.125,0,0.61,13.5,quadruped,Fire,Normal,Field,NA,220
Pyroar,668,507,86,68,72,109,66,106,6,0,Brown,1,0.125,0,1.5,81.5,quadruped,Fire,Normal,Field,NA,65
Flabb,669,303,44,38,39,61,79,42,6,0,White,1,0,0,0.1,0.1,head_arms,Fairy,NA,Fairy,NA,225
Floette,670,371,54,45,47,75,98,52,6,0,White,1,0,0,0.2,0.9,head_arms,Fairy,NA,Fairy,NA,120
Florges,671,552,78,65,68,112,154,75,6,0,White,1,0,0,1.09,10,head_arms,Fairy,NA,Fairy,NA,45
Skiddo,672,350,66,65,48,62,57,52,6,0,Brown,1,0.5,0,0.89,31,quadruped,Grass,NA,Field,NA,200
Gogoat,673,531,123,100,62,97,81,68,6,0,Brown,1,0.5,0,1.7,91,quadruped,Grass,NA,Field,NA,45
Pancham,674,348,67,82,62,46,48,43,6,0,White,1,0.5,0,0.61,8,bipedal_tailed,Fighting,NA,Field,Human-Like,220
Pangoro,675,495,95,124,78,69,71,58,6,0,White,1,0.5,0,2.11,136,bipedal_tailless,Fighting,Dark,Field,Human-Like,65
Furfrou,676,472,75,80,60,65,90,102,6,0,White,1,0.5,0,1.19,28,quadruped,Normal,NA,Field,NA,160
Espurr,677,355,62,48,54,63,60,68,6,0,Grey,1,0.5,0,0.3,3.5,bipedal_tailed,Psychic,NA,Field,NA,190
Meowstic,678,466,74,48,76,83,81,104,6,0,White,1,0.5,0,0.61,8.5,bipedal_tailed,Psychic,NA,Field,NA,75
Honedge,679,325,45,80,100,35,37,28,6,0,Brown,1,0.5,0,0.79,2,head_base,Steel,Ghost,Mineral,NA,180
Doublade,680,448,59,110,150,45,49,35,6,0,Brown,1,0.5,0,0.84,4.5,multiple_bodies,Steel,Ghost,Mineral,NA,90
Aegislash,681,520,60,50,150,50,150,60,6,0,Brown,1,0.5,0,1.7,53,head_base,Steel,Ghost,Mineral,NA,45
Spritzee,682,341,78,52,60,63,65,23,6,0,Pink,1,0.5,0,0.2,0.5,head_arms,Fairy,NA,Fairy,NA,200
Aromatisse,683,462,101,72,72,99,89,29,6,0,Pink,1,0.5,0,0.79,15.5,bipedal_tailless,Fairy,NA,Fairy,NA,140
Swirlix,684,341,62,48,66,59,57,49,6,0,White,1,0.5,0,0.41,3.5,head_legs,Fairy,NA,Fairy,NA,200
Slurpuff,685,480,82,80,86,85,75,72,6,0,White,1,0.5,0,0.79,5,bipedal_tailless,Fairy,NA,Fairy,NA,140
Inkay,686,288,53,54,53,37,46,45,6,0,Blue,1,0.5,0,0.41,3.5,several_limbs,Dark,Psychic,Water_1,Water_2,190
Malamar,687,482,86,92,88,68,75,73,6,0,Blue,1,0.5,0,1.5,47,head_base,Dark,Psychic,Water_1,Water_2,80
Binacle,688,306,42,52,67,39,56,50,6,0,Brown,1,0.5,0,0.51,31,multiple_bodies,Rock,Water,Water_3,NA,120
Barbaracle,689,500,72,105,115,54,86,68,6,0,Brown,1,0.5,0,1.3,96,multiple_bodies,Rock,Water,Water_3,NA,45
Skrelp,690,320,50,60,60,60,60,30,6,0,Brown,1,0.5,0,0.51,7.3,head_base,Poison,Water,Water_1,Dragon,225
Dragalge,691,494,65,75,90,97,123,44,6,0,Brown,1,0.5,0,1.8,81.5,head_base,Poison,Dragon,Water_1,Dragon,55
Clauncher,692,330,50,53,62,58,63,44,6,0,Blue,1,0.5,0,0.51,8.3,insectoid,Water,NA,Water_1,Water_3,225
Clawitzer,693,500,71,73,88,120,89,59,6,0,Blue,1,0.5,0,1.3,35.3,serpentine_body,Water,NA,Water_1,Water_3,55
Helioptile,694,289,44,38,33,61,43,70,6,0,Yellow,1,0.5,0,0.51,6,bipedal_tailed,Electric,Normal,Monster,Dragon,190
Heliolisk,695,481,62,55,52,109,94,109,6,0,Yellow,1,0.5,0,0.99,21,bipedal_tailed,Electric,Normal,Monster,Dragon,75
Tyrunt,696,362,58,89,77,45,45,48,6,0,Brown,1,0.875,0,0.79,26,bipedal_tailed,Rock,Dragon,Monster,Dragon,45
Tyrantrum,697,521,82,121,119,69,59,71,6,0,Red,1,0.875,0,2.49,270,bipedal_tailed,Rock,Dragon,Monster,Dragon,45
Amaura,698,362,77,59,50,67,63,46,6,0,Blue,1,0.875,0,1.3,25.2,quadruped,Rock,Ice,Monster,NA,45
Aurorus,699,521,123,77,72,99,92,58,6,0,Blue,1,0.875,0,2.69,225,quadruped,Rock,Ice,Monster,NA,45
Sylveon,700,525,95,65,65,110,130,60,6,0,Pink,1,0.875,0,0.99,23.5,quadruped,Fairy,NA,Field,NA,45
Hawlucha,701,500,78,92,75,74,63,118,6,0,Green,1,0.5,0,0.79,21.5,bipedal_tailless,Fighting,Flying,Human-Like,NA,100
Dedenne,702,431,67,58,57,81,67,101,6,0,Yellow,1,0.5,0,0.2,2.2,bipedal_tailed,Electric,Fairy,Field,Fairy,180
Carbink,703,500,50,50,150,50,150,50,6,0,Grey,0,NA,0,0.3,5.7,head_only,Rock,Fairy,Fairy,Mineral,60
Goomy,704,300,45,50,35,55,75,40,6,0,Purple,1,0.5,0,0.3,2.8,serpentine_body,Dragon,NA,Dragon,NA,45
Sliggoo,705,452,68,75,53,83,113,60,6,0,Purple,1,0.5,0,0.79,17.5,serpentine_body,Dragon,NA,Dragon,NA,45
Goodra,706,600,90,100,70,110,150,80,6,0,Purple,1,0.5,0,2.01,150.5,bipedal_tailed,Dragon,NA,Dragon,NA,45
Klefki,707,470,57,80,91,80,87,75,6,0,Grey,1,0.5,0,0.2,3,head_only,Steel,Fairy,Mineral,NA,75
Phantump,708,309,43,70,48,50,60,38,6,0,Brown,1,0.5,0,0.41,7,head_arms,Ghost,Grass,Grass,Amorphous,120
Trevenant,709,474,85,110,76,65,82,56,6,0,Brown,1,0.5,0,1.5,71,several_limbs,Ghost,Grass,Grass,Amorphous,60
Pumpkaboo,710,335,49,66,70,44,55,51,6,0,Brown,1,0.5,0,0.41,5,head_only,Ghost,Grass,Amorphous,NA,120
Gourgeist,711,494,65,90,122,58,75,84,6,0,Brown,1,0.5,0,1.7,39,head_base,Ghost,Grass,Amorphous,NA,60
Bergmite,712,304,55,69,85,32,35,28,6,0,Blue,1,0.5,0,0.99,99.5,quadruped,Ice,NA,Monster,NA,190
Avalugg,713,514,95,117,184,44,46,28,6,0,Blue,1,0.5,0,2.01,505,quadruped,Ice,NA,Monster,NA,55
Noibat,714,245,40,30,35,45,40,55,6,0,Purple,1,0.5,0,0.51,8,two_wings,Flying,Dragon,Flying,NA,190
Noivern,715,535,85,70,80,97,80,123,6,0,Purple,1,0.5,0,1.5,85,two_wings,Flying,Dragon,Flying,NA,45
Xerneas,716,680,126,131,95,131,98,99,6,1,Blue,0,NA,0,3,215,quadruped,Fairy,NA,Undiscovered,NA,45
Yveltal,717,680,126,131,95,131,98,99,6,1,Red,0,NA,0,5.79,203,two_wings,Dark,Flying,Undiscovered,NA,45
Zygarde,718,600,108,100,121,81,95,95,6,1,Green,0,NA,0,5,305,serpentine_body,Dragon,Ground,Undiscovered,NA,3
Diancie,719,600,50,100,150,100,150,50,6,1,Pink,0,NA,1,0.71,8.8,head_arms,Rock,Fairy,Undiscovered,NA,3
Hoopa,720,600,80,110,60,150,130,70,6,1,Purple,0,NA,0,0.51,9,head_only,Psychic,Ghost,Undiscovered,NA,3
Volcanion,721,600,80,110,120,130,90,70,6,1,Brown,0,NA,0,1.7,195,quadruped,Fire,Water,Undiscovered,NA,3
